product_id,name,pillar,product_type,breed,price_inr,action_needed
PROD-90504666929A,Audit Test Product,,product,,,Upload image via Admin Product Box
shopify-8873047294106,Chicken Liver Cookies,,,,,Upload image via Admin Product Box
prod-SVC-ADOPT-READINESS,Adoption Readiness Planning,adopt,service,,,Upload image via Admin Product Box
prod-SVC-ADOPT-SUITABILITY,Breed Suitability Advisory,adopt,service,,,Upload image via Admin Product Box
prod-SVC-ADOPT-DISCOVER,Ethical Adoption Discovery,adopt,service,,,Upload image via Admin Product Box
prod-SVC-ADOPT-TRANSITION,First 30 Days Support,adopt,service,,,Upload image via Admin Product Box
prod-SVC-ADOPT-HOME,Home Preparation Guidance,adopt,service,,,Upload image via Admin Product Box
advisory-home-605c53e3,Calming Dog Bed,care,,,,Upload image via Admin Product Box
advisory-home-47f2e977,Crate Training Mat,care,,,,Upload image via Admin Product Box
advisory-grooming-5bb06d25,De-shedding Slicker Brush,care,,,,Upload image via Admin Product Box
advisory-puppy-7b2cd3f6,First Collar & Tag Set,care,,,,Upload image via Admin Product Box
advisory-senior-e83bd172,Joint Care Supplement (60 tablets),care,,,,Upload image via Admin Product Box
advisory-senior-e8c69d77,Non-Slip Mobility Ramp,care,,,,Upload image via Admin Product Box
advisory-grooming-d010d678,Professional Nail Clipper,care,,,,Upload image via Admin Product Box
advisory-puppy-8100aba9,Puppy Starter Bowl Set,care,,,,Upload image via Admin Product Box
advisory-senior-9a123be4,Raised Food Bowl Stand,care,,,,Upload image via Admin Product Box
advisory-puppy-8c6dccd4,Toilet Training Pee Pads (30 pack),care,,,,Upload image via Admin Product Box
adv-1f2b8928,Birthday Hiking Kit — Trail Ready,celebrate,,,,Upload image via Admin Product Box
adv-446d54ae,Birthday Sunrise Walk Kit,celebrate,,,,Upload image via Admin Product Box
cel-sample-002,Breed Special - Golden Retriever,celebrate,,Golden Retriever,,Upload image via Admin Product Box
celebrate-cake-1,Classic Birthday Cake,celebrate,,,,Upload image via Admin Product Box
cel-sample-001,Classic Paw Print Cake,celebrate,,,,Upload image via Admin Product Box
celebrate-cake-consult,Custom Cake Consultation,celebrate,,,,Upload image via Admin Product Box
party-d8221258,Dog Birthday Cake Topper Set,celebrate,,,,Upload image via Admin Product Box
adv-7ab9a89a,Freeze-Dried Trail Mix — Birthday Edition,celebrate,,,,Upload image via Admin Product Box
cel-sample-003,Peanut Butter Pupcakes (6 pcs),celebrate,,,,Upload image via Admin Product Box
cake-siberian_husky-light,Siberian Husky — Light,celebrate,birthday_cake,siberian_husky,,Upload image via Admin Product Box
adv-07fe101d,Special Day Leash — Birthday Edition,celebrate,,,,Upload image via Admin Product Box
dine-item-ca425d0d,TDC Anniversary Cake,celebrate,,,,Upload image via Admin Product Box
dine-item-ed6c4414,TDC Birthday Cake,celebrate,,,,Upload image via Admin Product Box
dine-item-1aa74da2,TDC Mini Cake,celebrate,,,,Upload image via Admin Product Box
PROD-3583E12ED072,TEST Celebrate Birthday Cake,celebrate,physical,,,Upload image via Admin Product Box
party-7ef5700f,Treat Puzzle Toy - Birthday Cake Shape,celebrate,,,,Upload image via Admin Product Box
bp-akita-placemat-dine,Akita Dining Placemat,dine,soul_made,akita,,Upload image via Admin Product Box
bp-akita-lick_mat-dine,Akita Enrichment Lick Mat,dine,soul_made,akita,,Upload image via Admin Product Box
bp-akita-feeding_mat-dine,Akita Feeding Mat,dine,soul_made,akita,,Upload image via Admin Product Box
bp-akita-food_container-dine,Akita Food Storage Container,dine,soul_made,akita,,Upload image via Admin Product Box
bp-alaskan_malamute-placemat-dine,Alaskan Malamute Dining Placemat,dine,soul_made,alaskan_malamute,,Upload image via Admin Product Box
bp-alaskan_malamute-lick_mat-dine,Alaskan Malamute Enrichment Lick Mat,dine,soul_made,alaskan_malamute,,Upload image via Admin Product Box
bp-alaskan_malamute-feeding_mat-dine,Alaskan Malamute Feeding Mat,dine,soul_made,alaskan_malamute,,Upload image via Admin Product Box
bp-alaskan_malamute-food_container-dine,Alaskan Malamute Food Storage Container,dine,soul_made,alaskan_malamute,,Upload image via Admin Product Box
bp-american_bully-placemat-dine,American Bully Dining Placemat,dine,soul_made,american_bully,,Upload image via Admin Product Box
bp-american_bully-lick_mat-dine,American Bully Enrichment Lick Mat,dine,soul_made,american_bully,,Upload image via Admin Product Box
bp-american_bully-feeding_mat-dine,American Bully Feeding Mat,dine,soul_made,american_bully,,Upload image via Admin Product Box
bp-american_bully-food_container-dine,American Bully Food Storage Container,dine,soul_made,american_bully,,Upload image via Admin Product Box
bp-australian_shepherd-placemat-dine,Australian Shepherd Dining Placemat,dine,soul_made,australian_shepherd,,Upload image via Admin Product Box
bp-australian_shepherd-lick_mat-dine,Australian Shepherd Enrichment Lick Mat,dine,soul_made,australian_shepherd,,Upload image via Admin Product Box
bp-australian_shepherd-feeding_mat-dine,Australian Shepherd Feeding Mat,dine,soul_made,australian_shepherd,,Upload image via Admin Product Box
bp-australian_shepherd-food_container-dine,Australian Shepherd Food Storage Container,dine,soul_made,australian_shepherd,,Upload image via Admin Product Box
bp-basenji-placemat-dine,Basenji Dining Placemat,dine,soul_made,basenji,,Upload image via Admin Product Box
bp-basenji-lick_mat-dine,Basenji Enrichment Lick Mat,dine,soul_made,basenji,,Upload image via Admin Product Box
bp-basenji-feeding_mat-dine,Basenji Feeding Mat,dine,soul_made,basenji,,Upload image via Admin Product Box
bp-basenji-food_container-dine,Basenji Food Storage Container,dine,soul_made,basenji,,Upload image via Admin Product Box
bp-beagle-placemat-dine,Beagle Dining Placemat,dine,soul_made,beagle,,Upload image via Admin Product Box
bp-beagle-lick_mat-dine,Beagle Enrichment Lick Mat,dine,soul_made,beagle,,Upload image via Admin Product Box
bp-beagle-feeding_mat-dine,Beagle Feeding Mat,dine,soul_made,beagle,,Upload image via Admin Product Box
bp-beagle-food_container-dine,Beagle Food Storage Container,dine,soul_made,beagle,,Upload image via Admin Product Box
bp-bernese_mountain-placemat-dine,Bernese Mountain Dog Dining Placemat,dine,soul_made,bernese_mountain,,Upload image via Admin Product Box
bp-bernese_mountain-lick_mat-dine,Bernese Mountain Dog Enrichment Lick Mat,dine,soul_made,bernese_mountain,,Upload image via Admin Product Box
bp-bernese_mountain-feeding_mat-dine,Bernese Mountain Dog Feeding Mat,dine,soul_made,bernese_mountain,,Upload image via Admin Product Box
bp-bernese_mountain-food_container-dine,Bernese Mountain Dog Food Storage Container,dine,soul_made,bernese_mountain,,Upload image via Admin Product Box
bp-bichon_frise-placemat-dine,Bichon Frise Dining Placemat,dine,soul_made,bichon_frise,,Upload image via Admin Product Box
bp-bichon_frise-lick_mat-dine,Bichon Frise Enrichment Lick Mat,dine,soul_made,bichon_frise,,Upload image via Admin Product Box
bp-bichon_frise-feeding_mat-dine,Bichon Frise Feeding Mat,dine,soul_made,bichon_frise,,Upload image via Admin Product Box
bp-bichon_frise-food_container-dine,Bichon Frise Food Storage Container,dine,soul_made,bichon_frise,,Upload image via Admin Product Box
bp-border_collie-placemat-dine,Border Collie Dining Placemat,dine,soul_made,border_collie,,Upload image via Admin Product Box
bp-border_collie-lick_mat-dine,Border Collie Enrichment Lick Mat,dine,soul_made,border_collie,,Upload image via Admin Product Box
bp-border_collie-feeding_mat-dine,Border Collie Feeding Mat,dine,soul_made,border_collie,,Upload image via Admin Product Box
bp-border_collie-food_container-dine,Border Collie Food Storage Container,dine,soul_made,border_collie,,Upload image via Admin Product Box
bp-boston_terrier-placemat-dine,Boston Terrier Dining Placemat,dine,soul_made,boston_terrier,,Upload image via Admin Product Box
bp-boston_terrier-lick_mat-dine,Boston Terrier Enrichment Lick Mat,dine,soul_made,boston_terrier,,Upload image via Admin Product Box
bp-boston_terrier-feeding_mat-dine,Boston Terrier Feeding Mat,dine,soul_made,boston_terrier,,Upload image via Admin Product Box
bp-boston_terrier-food_container-dine,Boston Terrier Food Storage Container,dine,soul_made,boston_terrier,,Upload image via Admin Product Box
bp-boxer-placemat-dine,Boxer Dining Placemat,dine,soul_made,boxer,,Upload image via Admin Product Box
bp-boxer-lick_mat-dine,Boxer Enrichment Lick Mat,dine,soul_made,boxer,,Upload image via Admin Product Box
bp-boxer-feeding_mat-dine,Boxer Feeding Mat,dine,soul_made,boxer,,Upload image via Admin Product Box
bp-boxer-food_container-dine,Boxer Food Storage Container,dine,soul_made,boxer,,Upload image via Admin Product Box
bp-bulldog-placemat-dine,Bulldog Dining Placemat,dine,soul_made,bulldog,,Upload image via Admin Product Box
bp-bulldog-lick_mat-dine,Bulldog Enrichment Lick Mat,dine,soul_made,bulldog,,Upload image via Admin Product Box
bp-bulldog-feeding_mat-dine,Bulldog Feeding Mat,dine,soul_made,bulldog,,Upload image via Admin Product Box
bp-bulldog-food_container-dine,Bulldog Food Storage Container,dine,soul_made,bulldog,,Upload image via Admin Product Box
bp-cavalier-placemat-dine,Cavalier King Charles Dining Placemat,dine,soul_made,cavalier,,Upload image via Admin Product Box
bp-cavalier_king_charles-placemat-dine,Cavalier King Charles Dining Placemat,dine,soul_made,cavalier_king_charles,,Upload image via Admin Product Box
bp-cavalier-lick_mat-dine,Cavalier King Charles Enrichment Lick Mat,dine,soul_made,cavalier,,Upload image via Admin Product Box
bp-cavalier_king_charles-lick_mat-dine,Cavalier King Charles Enrichment Lick Mat,dine,soul_made,cavalier_king_charles,,Upload image via Admin Product Box
bp-cavalier-feeding_mat-dine,Cavalier King Charles Feeding Mat,dine,soul_made,cavalier,,Upload image via Admin Product Box
bp-cavalier_king_charles-feeding_mat-dine,Cavalier King Charles Feeding Mat,dine,soul_made,cavalier_king_charles,,Upload image via Admin Product Box
bp-cavalier-food_container-dine,Cavalier King Charles Food Storage Container,dine,soul_made,cavalier,,Upload image via Admin Product Box
bp-cavalier_king_charles-food_container-dine,Cavalier King Charles Food Storage Container,dine,soul_made,cavalier_king_charles,,Upload image via Admin Product Box
bp-chihuahua-placemat-dine,Chihuahua Dining Placemat,dine,soul_made,chihuahua,,Upload image via Admin Product Box
bp-chihuahua-lick_mat-dine,Chihuahua Enrichment Lick Mat,dine,soul_made,chihuahua,,Upload image via Admin Product Box
bp-chihuahua-feeding_mat-dine,Chihuahua Feeding Mat,dine,soul_made,chihuahua,,Upload image via Admin Product Box
bp-chihuahua-food_container-dine,Chihuahua Food Storage Container,dine,soul_made,chihuahua,,Upload image via Admin Product Box
bp-chow_chow-placemat-dine,Chow Chow Dining Placemat,dine,soul_made,chow_chow,,Upload image via Admin Product Box
bp-chow_chow-lick_mat-dine,Chow Chow Enrichment Lick Mat,dine,soul_made,chow_chow,,Upload image via Admin Product Box
bp-chow_chow-feeding_mat-dine,Chow Chow Feeding Mat,dine,soul_made,chow_chow,,Upload image via Admin Product Box
bp-chow_chow-food_container-dine,Chow Chow Food Storage Container,dine,soul_made,chow_chow,,Upload image via Admin Product Box
bp-cocker_spaniel-placemat-dine,Cocker Spaniel Dining Placemat,dine,soul_made,cocker_spaniel,,Upload image via Admin Product Box
bp-cocker_spaniel-lick_mat-dine,Cocker Spaniel Enrichment Lick Mat,dine,soul_made,cocker_spaniel,,Upload image via Admin Product Box
bp-cocker_spaniel-feeding_mat-dine,Cocker Spaniel Feeding Mat,dine,soul_made,cocker_spaniel,,Upload image via Admin Product Box
bp-cocker_spaniel-food_container-dine,Cocker Spaniel Food Storage Container,dine,soul_made,cocker_spaniel,,Upload image via Admin Product Box
bp-corgi-placemat-dine,Corgi Dining Placemat,dine,soul_made,corgi,,Upload image via Admin Product Box
bp-corgi-lick_mat-dine,Corgi Enrichment Lick Mat,dine,soul_made,corgi,,Upload image via Admin Product Box
bp-corgi-feeding_mat-dine,Corgi Feeding Mat,dine,soul_made,corgi,,Upload image via Admin Product Box
bp-corgi-food_container-dine,Corgi Food Storage Container,dine,soul_made,corgi,,Upload image via Admin Product Box
bp-dachshund-placemat-dine,Dachshund Dining Placemat,dine,soul_made,dachshund,,Upload image via Admin Product Box
bp-dachshund-lick_mat-dine,Dachshund Enrichment Lick Mat,dine,soul_made,dachshund,,Upload image via Admin Product Box
bp-dachshund-feeding_mat-dine,Dachshund Feeding Mat,dine,soul_made,dachshund,,Upload image via Admin Product Box
bp-dachshund-food_container-dine,Dachshund Food Storage Container,dine,soul_made,dachshund,,Upload image via Admin Product Box
bp-dalmatian-placemat-dine,Dalmatian Dining Placemat,dine,soul_made,dalmatian,,Upload image via Admin Product Box
bp-dalmatian-lick_mat-dine,Dalmatian Enrichment Lick Mat,dine,soul_made,dalmatian,,Upload image via Admin Product Box
bp-dalmatian-feeding_mat-dine,Dalmatian Feeding Mat,dine,soul_made,dalmatian,,Upload image via Admin Product Box
bp-dalmatian-food_container-dine,Dalmatian Food Storage Container,dine,soul_made,dalmatian,,Upload image via Admin Product Box
bp-doberman-placemat-dine,Doberman Dining Placemat,dine,soul_made,doberman,,Upload image via Admin Product Box
bp-doberman-lick_mat-dine,Doberman Enrichment Lick Mat,dine,soul_made,doberman,,Upload image via Admin Product Box
bp-doberman-feeding_mat-dine,Doberman Feeding Mat,dine,soul_made,doberman,,Upload image via Admin Product Box
bp-doberman-food_container-dine,Doberman Food Storage Container,dine,soul_made,doberman,,Upload image via Admin Product Box
bp-english_bulldog-placemat-dine,English Bulldog Dining Placemat,dine,soul_made,english_bulldog,,Upload image via Admin Product Box
bp-english_bulldog-lick_mat-dine,English Bulldog Enrichment Lick Mat,dine,soul_made,english_bulldog,,Upload image via Admin Product Box
bp-english_bulldog-feeding_mat-dine,English Bulldog Feeding Mat,dine,soul_made,english_bulldog,,Upload image via Admin Product Box
bp-english_bulldog-food_container-dine,English Bulldog Food Storage Container,dine,soul_made,english_bulldog,,Upload image via Admin Product Box
bp-french_bulldog-placemat-dine,French Bulldog Dining Placemat,dine,soul_made,french_bulldog,,Upload image via Admin Product Box
bp-french_bulldog-lick_mat-dine,French Bulldog Enrichment Lick Mat,dine,soul_made,french_bulldog,,Upload image via Admin Product Box
bp-french_bulldog-feeding_mat-dine,French Bulldog Feeding Mat,dine,soul_made,french_bulldog,,Upload image via Admin Product Box
bp-french_bulldog-food_container-dine,French Bulldog Food Storage Container,dine,soul_made,french_bulldog,,Upload image via Admin Product Box
bp-german_shepherd-placemat-dine,German Shepherd Dining Placemat,dine,soul_made,german_shepherd,,Upload image via Admin Product Box
bp-german_shepherd-lick_mat-dine,German Shepherd Enrichment Lick Mat,dine,soul_made,german_shepherd,,Upload image via Admin Product Box
bp-german_shepherd-feeding_mat-dine,German Shepherd Feeding Mat,dine,soul_made,german_shepherd,,Upload image via Admin Product Box
bp-german_shepherd-food_container-dine,German Shepherd Food Storage Container,dine,soul_made,german_shepherd,,Upload image via Admin Product Box
bp-golden_retriever-placemat-dine,Golden Retriever Dining Placemat,dine,soul_made,golden_retriever,,Upload image via Admin Product Box
bp-golden_retriever-lick_mat-dine,Golden Retriever Enrichment Lick Mat,dine,soul_made,golden_retriever,,Upload image via Admin Product Box
bp-golden_retriever-feeding_mat-dine,Golden Retriever Feeding Mat,dine,soul_made,golden_retriever,,Upload image via Admin Product Box
bp-golden_retriever-food_container-dine,Golden Retriever Food Storage Container,dine,soul_made,golden_retriever,,Upload image via Admin Product Box
bp-great_dane-placemat-dine,Great Dane Dining Placemat,dine,soul_made,great_dane,,Upload image via Admin Product Box
bp-great_dane-lick_mat-dine,Great Dane Enrichment Lick Mat,dine,soul_made,great_dane,,Upload image via Admin Product Box
bp-great_dane-feeding_mat-dine,Great Dane Feeding Mat,dine,soul_made,great_dane,,Upload image via Admin Product Box
bp-great_dane-food_container-dine,Great Dane Food Storage Container,dine,soul_made,great_dane,,Upload image via Admin Product Box
bp-greyhound-placemat-dine,Greyhound Dining Placemat,dine,soul_made,greyhound,,Upload image via Admin Product Box
bp-greyhound-lick_mat-dine,Greyhound Enrichment Lick Mat,dine,soul_made,greyhound,,Upload image via Admin Product Box
bp-greyhound-feeding_mat-dine,Greyhound Feeding Mat,dine,soul_made,greyhound,,Upload image via Admin Product Box
bp-greyhound-food_container-dine,Greyhound Food Storage Container,dine,soul_made,greyhound,,Upload image via Admin Product Box
bp-havanese-placemat-dine,Havanese Dining Placemat,dine,soul_made,havanese,,Upload image via Admin Product Box
bp-havanese-lick_mat-dine,Havanese Enrichment Lick Mat,dine,soul_made,havanese,,Upload image via Admin Product Box
bp-havanese-feeding_mat-dine,Havanese Feeding Mat,dine,soul_made,havanese,,Upload image via Admin Product Box
bp-havanese-food_container-dine,Havanese Food Storage Container,dine,soul_made,havanese,,Upload image via Admin Product Box
bp-husky-placemat-dine,Husky Dining Placemat,dine,soul_made,husky,,Upload image via Admin Product Box
bp-husky-lick_mat-dine,Husky Enrichment Lick Mat,dine,soul_made,husky,,Upload image via Admin Product Box
bp-husky-feeding_mat-dine,Husky Feeding Mat,dine,soul_made,husky,,Upload image via Admin Product Box
bp-husky-food_container-dine,Husky Food Storage Container,dine,soul_made,husky,,Upload image via Admin Product Box
bp-indian_pariah-placemat-dine,Indian Pariah Dining Placemat,dine,soul_made,indian_pariah,,Upload image via Admin Product Box
bp-indian_pariah-lick_mat-dine,Indian Pariah Enrichment Lick Mat,dine,soul_made,indian_pariah,,Upload image via Admin Product Box
bp-indian_pariah-feeding_mat-dine,Indian Pariah Feeding Mat,dine,soul_made,indian_pariah,,Upload image via Admin Product Box
bp-indian_pariah-food_container-dine,Indian Pariah Food Storage Container,dine,soul_made,indian_pariah,,Upload image via Admin Product Box
bp-indian_spitz-placemat-dine,Indian Spitz Dining Placemat,dine,soul_made,indian_spitz,,Upload image via Admin Product Box
bp-indian_spitz-lick_mat-dine,Indian Spitz Enrichment Lick Mat,dine,soul_made,indian_spitz,,Upload image via Admin Product Box
bp-indian_spitz-feeding_mat-dine,Indian Spitz Feeding Mat,dine,soul_made,indian_spitz,,Upload image via Admin Product Box
bp-indian_spitz-food_container-dine,Indian Spitz Food Storage Container,dine,soul_made,indian_spitz,,Upload image via Admin Product Box
bp-indie-placemat-dine,Indie Dining Placemat,dine,soul_made,indie,,Upload image via Admin Product Box
bp-indie-lick_mat-dine,Indie Enrichment Lick Mat,dine,soul_made,indie,,Upload image via Admin Product Box
bp-indie-feeding_mat-dine,Indie Feeding Mat,dine,soul_made,indie,,Upload image via Admin Product Box
bp-indie-food_container-dine,Indie Food Storage Container,dine,soul_made,indie,,Upload image via Admin Product Box
bp-irish_setter-placemat-dine,Irish Setter Dining Placemat,dine,soul_made,irish_setter,,Upload image via Admin Product Box
bp-irish_setter-lick_mat-dine,Irish Setter Enrichment Lick Mat,dine,soul_made,irish_setter,,Upload image via Admin Product Box
bp-irish_setter-feeding_mat-dine,Irish Setter Feeding Mat,dine,soul_made,irish_setter,,Upload image via Admin Product Box
bp-irish_setter-food_container-dine,Irish Setter Food Storage Container,dine,soul_made,irish_setter,,Upload image via Admin Product Box
bp-jack_russell-placemat-dine,Jack Russell Dining Placemat,dine,soul_made,jack_russell,,Upload image via Admin Product Box
bp-jack_russell-lick_mat-dine,Jack Russell Enrichment Lick Mat,dine,soul_made,jack_russell,,Upload image via Admin Product Box
bp-jack_russell-feeding_mat-dine,Jack Russell Feeding Mat,dine,soul_made,jack_russell,,Upload image via Admin Product Box
bp-jack_russell-food_container-dine,Jack Russell Food Storage Container,dine,soul_made,jack_russell,,Upload image via Admin Product Box
bp-labradoodle-placemat-dine,Labradoodle Dining Placemat,dine,soul_made,labradoodle,,Upload image via Admin Product Box
bp-labradoodle-lick_mat-dine,Labradoodle Enrichment Lick Mat,dine,soul_made,labradoodle,,Upload image via Admin Product Box
bp-labradoodle-feeding_mat-dine,Labradoodle Feeding Mat,dine,soul_made,labradoodle,,Upload image via Admin Product Box
bp-labradoodle-food_container-dine,Labradoodle Food Storage Container,dine,soul_made,labradoodle,,Upload image via Admin Product Box
bp-labrador-placemat-dine,Labrador Dining Placemat,dine,soul_made,labrador,,Upload image via Admin Product Box
bp-labrador-lick_mat-dine,Labrador Enrichment Lick Mat,dine,soul_made,labrador,,Upload image via Admin Product Box
bp-labrador-feeding_mat-dine,Labrador Feeding Mat,dine,soul_made,labrador,,Upload image via Admin Product Box
bp-labrador-food_container-dine,Labrador Food Storage Container,dine,soul_made,labrador,,Upload image via Admin Product Box
bp-lhasa_apso-placemat-dine,Lhasa Apso Dining Placemat,dine,soul_made,lhasa_apso,,Upload image via Admin Product Box
bp-lhasa_apso-lick_mat-dine,Lhasa Apso Enrichment Lick Mat,dine,soul_made,lhasa_apso,,Upload image via Admin Product Box
bp-lhasa_apso-feeding_mat-dine,Lhasa Apso Feeding Mat,dine,soul_made,lhasa_apso,,Upload image via Admin Product Box
bp-lhasa_apso-food_container-dine,Lhasa Apso Food Storage Container,dine,soul_made,lhasa_apso,,Upload image via Admin Product Box
bp-maltese-placemat-dine,Maltese Dining Placemat,dine,soul_made,maltese,,Upload image via Admin Product Box
bp-maltese-lick_mat-dine,Maltese Enrichment Lick Mat,dine,soul_made,maltese,,Upload image via Admin Product Box
bp-maltese-feeding_mat-dine,Maltese Feeding Mat,dine,soul_made,maltese,,Upload image via Admin Product Box
bp-maltese-food_container-dine,Maltese Food Storage Container,dine,soul_made,maltese,,Upload image via Admin Product Box
bp-pomeranian-placemat-dine,Pomeranian Dining Placemat,dine,soul_made,pomeranian,,Upload image via Admin Product Box
bp-pomeranian-lick_mat-dine,Pomeranian Enrichment Lick Mat,dine,soul_made,pomeranian,,Upload image via Admin Product Box
bp-pomeranian-feeding_mat-dine,Pomeranian Feeding Mat,dine,soul_made,pomeranian,,Upload image via Admin Product Box
bp-pomeranian-food_container-dine,Pomeranian Food Storage Container,dine,soul_made,pomeranian,,Upload image via Admin Product Box
bp-poodle-placemat-dine,Poodle Dining Placemat,dine,soul_made,poodle,,Upload image via Admin Product Box
bp-poodle-lick_mat-dine,Poodle Enrichment Lick Mat,dine,soul_made,poodle,,Upload image via Admin Product Box
bp-poodle-feeding_mat-dine,Poodle Feeding Mat,dine,soul_made,poodle,,Upload image via Admin Product Box
bp-poodle-food_container-dine,Poodle Food Storage Container,dine,soul_made,poodle,,Upload image via Admin Product Box
mira-imagines-treat-bruno,Premium Daily Treats for Bruno,dine,,,,Upload image via Admin Product Box
mira-imagines-treat-luna,Premium Daily Treats for Luna,dine,,,,Upload image via Admin Product Box
bp-pug-placemat-dine,Pug Dining Placemat,dine,soul_made,pug,,Upload image via Admin Product Box
bp-pug-lick_mat-dine,Pug Enrichment Lick Mat,dine,soul_made,pug,,Upload image via Admin Product Box
bp-pug-feeding_mat-dine,Pug Feeding Mat,dine,soul_made,pug,,Upload image via Admin Product Box
bp-pug-food_container-dine,Pug Food Storage Container,dine,soul_made,pug,,Upload image via Admin Product Box
bp-rottweiler-placemat-dine,Rottweiler Dining Placemat,dine,soul_made,rottweiler,,Upload image via Admin Product Box
bp-rottweiler-lick_mat-dine,Rottweiler Enrichment Lick Mat,dine,soul_made,rottweiler,,Upload image via Admin Product Box
bp-rottweiler-feeding_mat-dine,Rottweiler Feeding Mat,dine,soul_made,rottweiler,,Upload image via Admin Product Box
bp-rottweiler-food_container-dine,Rottweiler Food Storage Container,dine,soul_made,rottweiler,,Upload image via Admin Product Box
bp-saint_bernard-placemat-dine,Saint Bernard Dining Placemat,dine,soul_made,saint_bernard,,Upload image via Admin Product Box
bp-saint_bernard-lick_mat-dine,Saint Bernard Enrichment Lick Mat,dine,soul_made,saint_bernard,,Upload image via Admin Product Box
bp-saint_bernard-feeding_mat-dine,Saint Bernard Feeding Mat,dine,soul_made,saint_bernard,,Upload image via Admin Product Box
bp-saint_bernard-food_container-dine,Saint Bernard Food Storage Container,dine,soul_made,saint_bernard,,Upload image via Admin Product Box
bp-samoyed-placemat-dine,Samoyed Dining Placemat,dine,soul_made,samoyed,,Upload image via Admin Product Box
bp-samoyed-lick_mat-dine,Samoyed Enrichment Lick Mat,dine,soul_made,samoyed,,Upload image via Admin Product Box
bp-samoyed-feeding_mat-dine,Samoyed Feeding Mat,dine,soul_made,samoyed,,Upload image via Admin Product Box
bp-samoyed-food_container-dine,Samoyed Food Storage Container,dine,soul_made,samoyed,,Upload image via Admin Product Box
bp-schnoodle-placemat-dine,Schnoodle Dining Placemat,dine,soul_made,schnoodle,,Upload image via Admin Product Box
bp-schnoodle-lick_mat-dine,Schnoodle Enrichment Lick Mat,dine,soul_made,schnoodle,,Upload image via Admin Product Box
bp-schnoodle-feeding_mat-dine,Schnoodle Feeding Mat,dine,soul_made,schnoodle,,Upload image via Admin Product Box
bp-schnoodle-food_container-dine,Schnoodle Food Storage Container,dine,soul_made,schnoodle,,Upload image via Admin Product Box
bp-scottish_terrier-placemat-dine,Scottish Terrier Dining Placemat,dine,soul_made,scottish_terrier,,Upload image via Admin Product Box
bp-scottish_terrier-lick_mat-dine,Scottish Terrier Enrichment Lick Mat,dine,soul_made,scottish_terrier,,Upload image via Admin Product Box
bp-scottish_terrier-feeding_mat-dine,Scottish Terrier Feeding Mat,dine,soul_made,scottish_terrier,,Upload image via Admin Product Box
bp-scottish_terrier-food_container-dine,Scottish Terrier Food Storage Container,dine,soul_made,scottish_terrier,,Upload image via Admin Product Box
bp-shetland_sheepdog-placemat-dine,Shetland Sheepdog Dining Placemat,dine,soul_made,shetland_sheepdog,,Upload image via Admin Product Box
bp-shetland_sheepdog-lick_mat-dine,Shetland Sheepdog Enrichment Lick Mat,dine,soul_made,shetland_sheepdog,,Upload image via Admin Product Box
bp-shetland_sheepdog-feeding_mat-dine,Shetland Sheepdog Feeding Mat,dine,soul_made,shetland_sheepdog,,Upload image via Admin Product Box
bp-shetland_sheepdog-food_container-dine,Shetland Sheepdog Food Storage Container,dine,soul_made,shetland_sheepdog,,Upload image via Admin Product Box
bp-shih_tzu-placemat-dine,Shih Tzu Dining Placemat,dine,soul_made,shih_tzu,,Upload image via Admin Product Box
bp-shih_tzu-lick_mat-dine,Shih Tzu Enrichment Lick Mat,dine,soul_made,shih_tzu,,Upload image via Admin Product Box
bp-shih_tzu-feeding_mat-dine,Shih Tzu Feeding Mat,dine,soul_made,shih_tzu,,Upload image via Admin Product Box
bp-shih_tzu-food_container-dine,Shih Tzu Food Storage Container,dine,soul_made,shih_tzu,,Upload image via Admin Product Box
bp-siberian_husky-placemat-dine,Siberian Husky Dining Placemat,dine,soul_made,siberian_husky,,Upload image via Admin Product Box
bp-siberian_husky-lick_mat-dine,Siberian Husky Enrichment Lick Mat,dine,soul_made,siberian_husky,,Upload image via Admin Product Box
bp-siberian_husky-feeding_mat-dine,Siberian Husky Feeding Mat,dine,soul_made,siberian_husky,,Upload image via Admin Product Box
bp-siberian_husky-food_container-dine,Siberian Husky Food Storage Container,dine,soul_made,siberian_husky,,Upload image via Admin Product Box
bp-st_bernard-placemat-dine,St. Bernard Dining Placemat,dine,soul_made,st_bernard,,Upload image via Admin Product Box
bp-st_bernard-lick_mat-dine,St. Bernard Enrichment Lick Mat,dine,soul_made,st_bernard,,Upload image via Admin Product Box
bp-st_bernard-feeding_mat-dine,St. Bernard Feeding Mat,dine,soul_made,st_bernard,,Upload image via Admin Product Box
bp-st_bernard-food_container-dine,St. Bernard Food Storage Container,dine,soul_made,st_bernard,,Upload image via Admin Product Box
mira-imagines-health-bruno,Treatment-Safe Health Formula for Bruno,dine,,,,Upload image via Admin Product Box
mira-imagines-health-buddy,Treatment-Safe Health Formula for Buddy,dine,,,,Upload image via Admin Product Box
mira-imagines-health-meister,Treatment-Safe Health Formula for Meister,dine,,,,Upload image via Admin Product Box
mira-imagines-health-mystique,Treatment-Safe Health Formula for Mystique,dine,,,,Upload image via Admin Product Box
mira-imagines-supplement-bruno,Vet-Checked Daily Supplement for Bruno,dine,,,,Upload image via Admin Product Box
mira-imagines-supplement-buddy,Vet-Checked Daily Supplement for Buddy,dine,,,,Upload image via Admin Product Box
mira-imagines-supplement-meister,Vet-Checked Daily Supplement for Meister,dine,,,,Upload image via Admin Product Box
mira-imagines-supplement-mystique,Vet-Checked Daily Supplement for Mystique,dine,,,,Upload image via Admin Product Box
bp-vizsla-placemat-dine,Vizsla Dining Placemat,dine,soul_made,vizsla,,Upload image via Admin Product Box
bp-vizsla-lick_mat-dine,Vizsla Enrichment Lick Mat,dine,soul_made,vizsla,,Upload image via Admin Product Box
bp-vizsla-feeding_mat-dine,Vizsla Feeding Mat,dine,soul_made,vizsla,,Upload image via Admin Product Box
bp-vizsla-food_container-dine,Vizsla Food Storage Container,dine,soul_made,vizsla,,Upload image via Admin Product Box
bp-weimaraner-placemat-dine,Weimaraner Dining Placemat,dine,soul_made,weimaraner,,Upload image via Admin Product Box
bp-weimaraner-lick_mat-dine,Weimaraner Enrichment Lick Mat,dine,soul_made,weimaraner,,Upload image via Admin Product Box
bp-weimaraner-feeding_mat-dine,Weimaraner Feeding Mat,dine,soul_made,weimaraner,,Upload image via Admin Product Box
bp-weimaraner-food_container-dine,Weimaraner Food Storage Container,dine,soul_made,weimaraner,,Upload image via Admin Product Box
bp-yorkshire-placemat-dine,Yorkshire Terrier Dining Placemat,dine,soul_made,yorkshire,,Upload image via Admin Product Box
bp-yorkshire_terrier-placemat-dine,Yorkshire Terrier Dining Placemat,dine,soul_made,yorkshire_terrier,,Upload image via Admin Product Box
bp-yorkshire-lick_mat-dine,Yorkshire Terrier Enrichment Lick Mat,dine,soul_made,yorkshire,,Upload image via Admin Product Box
bp-yorkshire-feeding_mat-dine,Yorkshire Terrier Feeding Mat,dine,soul_made,yorkshire,,Upload image via Admin Product Box
bp-yorkshire-food_container-dine,Yorkshire Terrier Food Storage Container,dine,soul_made,yorkshire,,Upload image via Admin Product Box
bp-yorkshire_terrier-food_container-dine,Yorkshire Terrier Food Storage Container,dine,soul_made,yorkshire_terrier,,Upload image via Admin Product Box
prod-SVC-EMERG-TRANSPORT,Emergency Transport,emergency,service,,,Upload image via Admin Product Box
stay-5cf25fe8,Cat Condo Rental,go,,,,Upload image via Admin Product Box
stay-6e89377d,Holiday Pet Hotel,go,,,,Upload image via Admin Product Box
learn-358103f0,Leash Training Course,go,,,,Upload image via Admin Product Box
stay-9aeb0242,Luxury Pet Suite,go,,,,Upload image via Admin Product Box
stay-eb1b89c2,Pet Hotel Standard Room,go,,,,Upload image via Admin Product Box
stay-8d906e2b,Pet Vacation Resort,go,,,,Upload image via Admin Product Box
stay-cfb19d45,Puppy Kindergarten Stay,go,,,,Upload image via Admin Product Box
stay-69b00c198c8b073e6d08dc7e,SUJÁN Jawai,go,,,,Upload image via Admin Product Box
stay-65422098,Senior Pet Care Room,go,,,,Upload image via Admin Product Box
stay-bee84036,Special Needs Boarding,go,,,,Upload image via Admin Product Box
dine-item-4b933790,TDC Collapsible Travel Bowl,go,,,,Upload image via Admin Product Box
stay-d0c8ba69,VIP Pet Penthouse,go,,,,Upload image via Admin Product Box
emergency-84b8d7ec,First Aid Training Course,learn,,,,Upload image via Admin Product Box
advisory-puppy-f97ee9da,Puppy Teething Chew Toys,play,,,,Upload image via Admin Product Box
advisory-home-db467983,Snuffle Mat for Mental Stimulation,play,,,,Upload image via Admin Product Box
fit-prod-c8f0f716,Interactive Fetch Launcher,services,,,,Upload image via Admin Product Box
fit-prod-57aaa21d,Swimming Vest (All Sizes),services,,,,Upload image via Admin Product Box
fit-prod-9ffe031d,Treadmill for Dogs,services,,,,Upload image via Admin Product Box
emergency-22f0f5f4,24/7 Vet Hotline Access,shop,,,,Upload image via Admin Product Box
adopt-899ac12c,Adoption Application Processing,shop,,,,Upload image via Admin Product Box
adopt-377e4e82,Adoption Follow-up Package,shop,,,,Upload image via Admin Product Box
learn-f285fc00,Advanced Commands Training,shop,,,,Upload image via Admin Product Box
learn-1c73605c,Advanced Tricks & Commands,shop,,,,Upload image via Admin Product Box
learn-prod-video,Advanced Tricks Masterclass,shop,,,,Upload image via Admin Product Box
prod-svc-fit-c4ff6597,Agility Foundation Course,shop,,,,Upload image via Admin Product Box
fit-cd0415bd,Agility Training Sessions (4 Pack),shop,,,,Upload image via Admin Product Box
celebrate-akita-birthday_bandana-def3e7cc,Akita Birthday Bandana,shop,,Akita,,Upload image via Admin Product Box
celebrate-akita-party_hat-33eb4804,Akita Birthday Party Hat,shop,,Akita,,Upload image via Admin Product Box
breed-akita-keychain-9c5ed990,Akita Charm Keychain,shop,,Akita,,Upload image via Admin Product Box
tdc-mug-akita-9015c71a,Akita Illustrated Coffee Mug,shop,,Akita,,Upload image via Admin Product Box
breed-akita-mug-4dc9fa20,Akita Mom/Dad Coffee Mug,shop,,Akita,,Upload image via Admin Product Box
breed-akita-bandana-d77d19b2,Akita Pawfect Bandana,shop,,Akita,,Upload image via Admin Product Box
bp-akita-rain_jacket-shop,Akita Rain Jacket,shop,soul_made,Akita,,Upload image via Admin Product Box
bp-alaskan_malamute-rain_jacket-shop,Alaskan Malamute Rain Jacket,shop,soul_made,alaskan_malamute,,Upload image via Admin Product Box
4c512b6e-7c75-4431-85a1-3ae0b5d69dd0,All Breeds  Birthday Banner  Photo Backdrop,shop,,,,Upload image via Admin Product Box
95e55833-b3fb-427b-875f-84b5e042d2f2,All Breeds  Celebration Candle Set  Paw Shaped,shop,,,,Upload image via Admin Product Box
687c0550-640e-4cc6-8c6b-62e83fbea619,All Breeds  Gotcha Day Bandana  Anniversary Special,shop,,,,Upload image via Admin Product Box
f73ff19e-b3b3-41b6-baa8-8e9505b1b9c0,All Breeds  Paw Print Balloons  6-Pack Decor,shop,,,,Upload image via Admin Product Box
6784261e-49c7-477b-8a09-7a44cc0184a1,All Breeds  Pet First Aid Kit  Emergency Ready,shop,,,,Upload image via Admin Product Box
care-c4f7e586,Allergy Testing,shop,,,,Upload image via Admin Product Box
bp-american_bully-rain_jacket-shop,American Bully Rain Jacket,shop,soul_made,american_bully,,Upload image via Admin Product Box
celebrate-aussie-birthday_bandana-5820b078,Australian Shepherd Birthday Bandana,shop,,Australian Shepherd,,Upload image via Admin Product Box
celebrate-aussie-party_hat-0844c663,Australian Shepherd Birthday Party Hat,shop,,Australian Shepherd,,Upload image via Admin Product Box
breed-aussie-keychain-266d1f99,Australian Shepherd Charm Keychain,shop,,Australian Shepherd,,Upload image via Admin Product Box
tdc-mug-aussie-912c61e7,Australian Shepherd Illustrated Coffee Mug,shop,,Australian Shepherd,,Upload image via Admin Product Box
breed-aussie-mug-d38a941d,Australian Shepherd Mom/Dad Coffee Mug,shop,,Australian Shepherd,,Upload image via Admin Product Box
breed-aussie-bandana-148c4927,Australian Shepherd Pawfect Bandana,shop,,Australian Shepherd,,Upload image via Admin Product Box
bp-australian_shepherd-rain_jacket-shop,Australian Shepherd Rain Jacket,shop,soul_made,Australian Shepherd,,Upload image via Admin Product Box
bp-basenji-rain_jacket-shop,Basenji Rain Jacket,shop,soul_made,basenji,,Upload image via Admin Product Box
learn-59efacc8,Basic Obedience Training (8 Sessions),shop,,,,Upload image via Admin Product Box
celebrate-beagle-birthday_bandana-2ddfa2f0,Beagle Birthday Bandana,shop,,Beagle,,Upload image via Admin Product Box
celebrate-beagle-party_hat-41a37ee9,Beagle Birthday Party Hat,shop,,Beagle,,Upload image via Admin Product Box
breed-beagle-keychain-d7987ef7,Beagle Charm Keychain,shop,,Beagle,,Upload image via Admin Product Box
tdc-mug-beagle-c497f163,Beagle Illustrated Coffee Mug,shop,,Beagle,,Upload image via Admin Product Box
breed-beagle-mug-12fed2e9,Beagle Mom/Dad Coffee Mug,shop,,Beagle,,Upload image via Admin Product Box
breed-beagle-bandana-18583d3b,Beagle Pawfect Bandana,shop,,Beagle,,Upload image via Admin Product Box
bp-beagle-rain_jacket-shop,Beagle Rain Jacket,shop,soul_made,Beagle,,Upload image via Admin Product Box
advisory-4816ac9b,Behaviour Assessment,shop,,,,Upload image via Admin Product Box
advisory-94989eb8,Behaviour Consultation,shop,,,,Upload image via Admin Product Box
learn-bdff5948,Behaviour Modification,shop,,,,Upload image via Admin Product Box
learn-86a761b7,Behaviour Modification Programme,shop,,,,Upload image via Admin Product Box
celebrate-bernese-birthday_bandana-35e2dc55,Bernese Mountain Dog Birthday Bandana,shop,,Bernese Mountain Dog,,Upload image via Admin Product Box
celebrate-bernese-party_hat-ee055801,Bernese Mountain Dog Birthday Party Hat,shop,,Bernese Mountain Dog,,Upload image via Admin Product Box
breed-bernese-keychain-7a9df946,Bernese Mountain Dog Charm Keychain,shop,,Bernese Mountain Dog,,Upload image via Admin Product Box
tdc-mug-bernese-8d60b986,Bernese Mountain Dog Illustrated Coffee Mug,shop,,Bernese Mountain Dog,,Upload image via Admin Product Box
breed-bernese-mug-6939cfe3,Bernese Mountain Dog Mom/Dad Coffee Mug,shop,,Bernese Mountain Dog,,Upload image via Admin Product Box
breed-bernese-bandana-e719e8ec,Bernese Mountain Dog Pawfect Bandana,shop,,Bernese Mountain Dog,,Upload image via Admin Product Box
bp-bernese_mountain-rain_jacket-shop,Bernese Mountain Rain Jacket,shop,soul_made,Bernese Mountain Dog,,Upload image via Admin Product Box
bp-bichon_frise-rain_jacket-shop,Bichon Frise Rain Jacket,shop,soul_made,bichon frise,,Upload image via Admin Product Box
party-90cf2b40,Birthday Boy Bandana - Blue & Gold,shop,,,,Upload image via Admin Product Box
dine-245fecaa,Birthday Dinner Package,shop,,,,Upload image via Admin Product Box
party-37bb7512,Birthday Girl Bandana - Pink & Rose Gold,shop,,,,Upload image via Admin Product Box
cel-bun-001,Birthday Pawty Box,shop,,,,Upload image via Admin Product Box
care-6cc875d7,Blood Panel Test,shop,,,,Upload image via Admin Product Box
celebrate-bordercollie-birthday_bandana-2aa26f5b,Border Collie Birthday Bandana,shop,,Border Collie,,Upload image via Admin Product Box
celebrate-bordercollie-party_hat-5968dcb4,Border Collie Birthday Party Hat,shop,,Border Collie,,Upload image via Admin Product Box
breed-bordercollie-keychain-60f867cb,Border Collie Charm Keychain,shop,,Border Collie,,Upload image via Admin Product Box
tdc-mug-bordercollie-2771952a,Border Collie Illustrated Coffee Mug,shop,,Border Collie,,Upload image via Admin Product Box
breed-bordercollie-mug-4f791a13,Border Collie Mom/Dad Coffee Mug,shop,,Border Collie,,Upload image via Admin Product Box
breed-bordercollie-bandana-4c6f2c28,Border Collie Pawfect Bandana,shop,,Border Collie,,Upload image via Admin Product Box
bp-border_collie-rain_jacket-shop,Border Collie Rain Jacket,shop,soul_made,Border Collie,,Upload image via Admin Product Box
bp-boston_terrier-rain_jacket-shop,Boston Terrier Rain Jacket,shop,soul_made,boston terrier,,Upload image via Admin Product Box
celebrate-boxer-birthday_bandana-9071401c,Boxer Birthday Bandana,shop,,Boxer,,Upload image via Admin Product Box
celebrate-boxer-party_hat-ab1416ef,Boxer Birthday Party Hat,shop,,Boxer,,Upload image via Admin Product Box
breed-boxer-keychain-bd086bfc,Boxer Charm Keychain,shop,,Boxer,,Upload image via Admin Product Box
tdc-mug-boxer-9d09f010,Boxer Illustrated Coffee Mug,shop,,Boxer,,Upload image via Admin Product Box
breed-boxer-mug-f89f251a,Boxer Mom/Dad Coffee Mug,shop,,Boxer,,Upload image via Admin Product Box
breed-boxer-bandana-e4ba9c86,Boxer Pawfect Bandana,shop,,Boxer,,Upload image via Admin Product Box
bp-boxer-rain_jacket-shop,Boxer Rain Jacket,shop,soul_made,Boxer,,Upload image via Admin Product Box
advisory-9cfa5cb2,Breed Selection Guidance,shop,,,,Upload image via Admin Product Box
community-81fae822,Breed-Specific Playdate,shop,,,,Upload image via Admin Product Box
groom-fed640c9,Breed-Specific Styling,shop,,,,Upload image via Admin Product Box
celebrate-bulldog-birthday_bandana-8d684d14,Bulldog Birthday Bandana,shop,,Bulldog,,Upload image via Admin Product Box
celebrate-bulldog-party_hat-0a8655e6,Bulldog Birthday Party Hat,shop,,Bulldog,,Upload image via Admin Product Box
breed-bulldog-keychain-a374e759,Bulldog Charm Keychain,shop,,Bulldog,,Upload image via Admin Product Box
tdc-mug-bulldog-627edec5,Bulldog Illustrated Coffee Mug,shop,,Bulldog,,Upload image via Admin Product Box
breed-bulldog-mug-74098caa,Bulldog Mom/Dad Coffee Mug,shop,,Bulldog,,Upload image via Admin Product Box
breed-bulldog-bandana-9b76ea89,Bulldog Pawfect Bandana,shop,,Bulldog,,Upload image via Admin Product Box
bp-bulldog-rain_jacket-shop,Bulldog Rain Jacket,shop,soul_made,bulldog,,Upload image via Admin Product Box
fit-0abbc0b8,Canine CrossFit,shop,,,,Upload image via Admin Product Box
learn-a10dd645,Canine Good Citizen Prep,shop,,,,Upload image via Admin Product Box
fit-0d19a648,Canine Yoga Class,shop,,,,Upload image via Admin Product Box
celebrate-cavalier-birthday_bandana-9b3e4814,Cavalier King Charles Birthday Bandana,shop,,Cavalier King Charles,,Upload image via Admin Product Box
celebrate-cavalier-party_hat-3c6a5f81,Cavalier King Charles Birthday Party Hat,shop,,Cavalier King Charles,,Upload image via Admin Product Box
breed-cavalier-keychain-2dec6eae,Cavalier King Charles Charm Keychain,shop,,Cavalier King Charles,,Upload image via Admin Product Box
tdc-mug-cavalier-496bb274,Cavalier King Charles Illustrated Coffee Mug,shop,,Cavalier King Charles,,Upload image via Admin Product Box
breed-cavalier-mug-c3c27cd0,Cavalier King Charles Mom/Dad Coffee Mug,shop,,Cavalier King Charles,,Upload image via Admin Product Box
breed-cavalier-bandana-ae6b2699,Cavalier King Charles Pawfect Bandana,shop,,Cavalier King Charles,,Upload image via Admin Product Box
bp-cavalier-rain_jacket-shop,Cavalier Rain Jacket,shop,soul_made,cavalier,,Upload image via Admin Product Box
fprod-urn-ceramic,Ceramic Memorial Urn,shop,,,,Upload image via Admin Product Box
celebrate-chi-birthday_bandana-dd83767c,Chihuahua Birthday Bandana,shop,,Chihuahua,,Upload image via Admin Product Box
celebrate-chi-party_hat-641dbeeb,Chihuahua Birthday Party Hat,shop,,Chihuahua,,Upload image via Admin Product Box
breed-chi-keychain-fe8d23a1,Chihuahua Charm Keychain,shop,,Chihuahua,,Upload image via Admin Product Box
tdc-mug-chi-e3ce8ecf,Chihuahua Illustrated Coffee Mug,shop,,Chihuahua,,Upload image via Admin Product Box
breed-chi-mug-0f4e0e54,Chihuahua Mom/Dad Coffee Mug,shop,,Chihuahua,,Upload image via Admin Product Box
breed-chi-bandana-8bdedc72,Chihuahua Pawfect Bandana,shop,,Chihuahua,,Upload image via Admin Product Box
bp-chihuahua-rain_jacket-shop,Chihuahua Rain Jacket,shop,soul_made,chihuahua,,Upload image via Admin Product Box
bp-chow_chow-rain_jacket-shop,Chow Chow Rain Jacket,shop,soul_made,chow chow,,Upload image via Admin Product Box
fprod-pawprint,Clay Paw Print Kit,shop,,,,Upload image via Admin Product Box
celebrate-cocker-birthday_bandana-6be394ab,Cocker Spaniel Birthday Bandana,shop,,Cocker Spaniel,,Upload image via Admin Product Box
celebrate-cocker-party_hat-0d34f171,Cocker Spaniel Birthday Party Hat,shop,,Cocker Spaniel,,Upload image via Admin Product Box
breed-cocker-keychain-3658a0ed,Cocker Spaniel Charm Keychain,shop,,Cocker Spaniel,,Upload image via Admin Product Box
tdc-mug-cocker-221b102b,Cocker Spaniel Illustrated Coffee Mug,shop,,Cocker Spaniel,,Upload image via Admin Product Box
breed-cocker-mug-c31f0e52,Cocker Spaniel Mom/Dad Coffee Mug,shop,,Cocker Spaniel,,Upload image via Admin Product Box
breed-cocker-bandana-e09cf60e,Cocker Spaniel Pawfect Bandana,shop,,Cocker Spaniel,,Upload image via Admin Product Box
bp-cocker_spaniel-rain_jacket-shop,Cocker Spaniel Rain Jacket,shop,soul_made,Cocker Spaniel,,Upload image via Admin Product Box
bundle-fit-transformation,Complete Fitness Transformation,shop,,,,Upload image via Admin Product Box
bundle-farewell-complete,Complete Memorial Package,shop,,,,Upload image via Admin Product Box
bundle-insure-complete-protection,Complete Protection Plan,shop,service,,,Upload image via Admin Product Box
insure-d823ef58,Comprehensive Pet Insurance,shop,,,,Upload image via Admin Product Box
celebrate-corgi-birthday_bandana-f38b254a,Corgi Birthday Bandana,shop,,corgi,,Upload image via Admin Product Box
celebrate-corgi-party_hat-ccb53090,Corgi Birthday Party Hat,shop,,corgi,,Upload image via Admin Product Box
breed-corgi-keychain-c73ae325,Corgi Charm Keychain,shop,,corgi,,Upload image via Admin Product Box
tdc-mug-corgi-14a7f7c0,Corgi Illustrated Coffee Mug,shop,,corgi,,Upload image via Admin Product Box
breed-corgi-mug-3f11465f,Corgi Mom/Dad Coffee Mug,shop,,corgi,,Upload image via Admin Product Box
breed-corgi-bandana-8ca4b7f7,Corgi Pawfect Bandana,shop,,corgi,,Upload image via Admin Product Box
bp-corgi-rain_jacket-shop,Corgi Rain Jacket,shop,soul_made,corgi,,Upload image via Admin Product Box
stay-6999b97c47a78c4a81e03966,Countryside Paws - Coorg,shop,,,,Upload image via Admin Product Box
celebrate-dachshund-birthday_bandana-885bd9a7,Dachshund Birthday Bandana,shop,,Dachshund,,Upload image via Admin Product Box
celebrate-dachshund-party_hat-fe9e5486,Dachshund Birthday Party Hat,shop,,Dachshund,,Upload image via Admin Product Box
breed-dachshund-keychain-41176fa7,Dachshund Charm Keychain,shop,,Dachshund,,Upload image via Admin Product Box
tdc-mug-dachshund-ac9dff3b,Dachshund Illustrated Coffee Mug,shop,,Dachshund,,Upload image via Admin Product Box
breed-dachshund-mug-dd1ed6c9,Dachshund Mom/Dad Coffee Mug,shop,,Dachshund,,Upload image via Admin Product Box
breed-dachshund-bandana-c4acc6d1,Dachshund Pawfect Bandana,shop,,Dachshund,,Upload image via Admin Product Box
bp-dachshund-rain_jacket-shop,Dachshund Rain Jacket,shop,soul_made,Dachshund,,Upload image via Admin Product Box
fit-9fba508f,Daily Walk & Exercise Package,shop,,,,Upload image via Admin Product Box
celebrate-dalmatian-birthday_bandana-a4f58e69,Dalmatian Birthday Bandana,shop,,Dalmatian,,Upload image via Admin Product Box
celebrate-dalmatian-party_hat-425a63ee,Dalmatian Birthday Party Hat,shop,,Dalmatian,,Upload image via Admin Product Box
breed-dalmatian-keychain-40f912c8,Dalmatian Charm Keychain,shop,,Dalmatian,,Upload image via Admin Product Box
tdc-mug-dalmatian-b0e56e23,Dalmatian Illustrated Coffee Mug,shop,,Dalmatian,,Upload image via Admin Product Box
breed-dalmatian-mug-5885416c,Dalmatian Mom/Dad Coffee Mug,shop,,Dalmatian,,Upload image via Admin Product Box
breed-dalmatian-bandana-b7c29985,Dalmatian Pawfect Bandana,shop,,Dalmatian,,Upload image via Admin Product Box
bp-dalmatian-rain_jacket-shop,Dalmatian Rain Jacket,shop,soul_made,Dalmatian,,Upload image via Admin Product Box
care-d91b0143,Dental Cleaning,shop,,,,Upload image via Admin Product Box
cel-sample-004,Desi Ladoo Treats,shop,,,,Upload image via Admin Product Box
care-527df9ba,Deworming Treatment,shop,,,,Upload image via Admin Product Box
advisory-15cac1ec,Diet Transition Plan,shop,,,,Upload image via Admin Product Box
celebrate-dobie-birthday_bandana-825084a1,Doberman Birthday Bandana,shop,,Doberman,,Upload image via Admin Product Box
celebrate-dobie-party_hat-c16cc24c,Doberman Birthday Party Hat,shop,,Doberman,,Upload image via Admin Product Box
breed-dobie-keychain-9a15f054,Doberman Charm Keychain,shop,,Doberman,,Upload image via Admin Product Box
tdc-mug-dobie-d98f8d70,Doberman Illustrated Coffee Mug,shop,,Doberman,,Upload image via Admin Product Box
breed-dobie-mug-901dd5ff,Doberman Mom/Dad Coffee Mug,shop,,Doberman,,Upload image via Admin Product Box
breed-dobie-bandana-2f22830b,Doberman Pawfect Bandana,shop,,Doberman,,Upload image via Admin Product Box
bp-doberman-rain_jacket-shop,Doberman Rain Jacket,shop,soul_made,Doberman,,Upload image via Admin Product Box
party-ee928ae7,Dog Bone Napkins (30 Pack),shop,,,,Upload image via Admin Product Box
enjoy-efd5110c,Dog Park Meetup Pass,shop,,,,Upload image via Admin Product Box
community-6898a12a,Dog Park Meetup Pass (Monthly),shop,,,,Upload image via Admin Product Box
learn-prod-book,Dog Psychology Handbook,shop,,,,Upload image via Admin Product Box
fit-9a00b7ab,Dog Running Session,shop,,,,Upload image via Admin Product Box
enjoy-f676cf07,Doggy Birthday Party,shop,,,,Upload image via Admin Product Box
dine-c0c2215d,Doggy Ice Cream Party,shop,,,,Upload image via Admin Product Box
enjoy-c4374ad1,Doggy Yoga Session,shop,,,,Upload image via Admin Product Box
emergency-b0e9efe5,Emergency Fund Setup,shop,,,,Upload image via Admin Product Box
advisory-4dcadc67,End-of-Life Planning,shop,,,,Upload image via Admin Product Box
advisory-f318ce10,Exercise Plan Consult,shop,,,,Upload image via Admin Product Box
stay-96af6b89,Extended Stay Discount,shop,,,,Upload image via Admin Product Box
care-1377d639,Flea & Tick Prevention,shop,,,,Upload image via Admin Product Box
adopt-ec092548,Foster Parent Starter Kit,shop,,,,Upload image via Admin Product Box
celebrate-frenchie-birthday_bandana-528c92f1,French Bulldog Birthday Bandana,shop,,Bulldog,,Upload image via Admin Product Box
celebrate-frenchie-party_hat-7ff8ca86,French Bulldog Birthday Party Hat,shop,,Bulldog,,Upload image via Admin Product Box
breed-frenchie-keychain-bb31936f,French Bulldog Charm Keychain,shop,,Bulldog,,Upload image via Admin Product Box
tdc-mug-frenchie-4ddaf692,French Bulldog Illustrated Coffee Mug,shop,,Bulldog,,Upload image via Admin Product Box
breed-frenchie-mug-cccda05a,French Bulldog Mom/Dad Coffee Mug,shop,,Bulldog,,Upload image via Admin Product Box
breed-frenchie-bandana-cc7c90b6,French Bulldog Pawfect Bandana,shop,,Bulldog,,Upload image via Admin Product Box
bp-french_bulldog-rain_jacket-shop,French Bulldog Rain Jacket,shop,soul_made,French Bulldog,,Upload image via Admin Product Box
celebrate-gsd-birthday_bandana-e3e4e207,German Shepherd Birthday Bandana,shop,,German Shepherd,,Upload image via Admin Product Box
celebrate-gsd-party_hat-15705a84,German Shepherd Birthday Party Hat,shop,,German Shepherd,,Upload image via Admin Product Box
breed-gsd-keychain-be46df93,German Shepherd Charm Keychain,shop,,German Shepherd,,Upload image via Admin Product Box
tdc-mug-gsd-6bace1e4,German Shepherd Illustrated Coffee Mug,shop,,German Shepherd,,Upload image via Admin Product Box
breed-gsd-mug-d67949aa,German Shepherd Mom/Dad Coffee Mug,shop,,German Shepherd,,Upload image via Admin Product Box
breed-gsd-bandana-fb897a3e,German Shepherd Pawfect Bandana,shop,,German Shepherd,,Upload image via Admin Product Box
bp-german_shepherd-rain_jacket-shop,German Shepherd Rain Jacket,shop,soul_made,German Shepherd,,Upload image via Admin Product Box
95aeccb7-1443-469c-8d47-b8692f4a51ee,Golden Family  Photoshoot Bandana  Camera Ready,shop,,,,Upload image via Admin Product Box
b47297d8-4488-434f-ada6-c605d4b27b0d,Golden Parent  Golden Retriever Mug  Love My Golden,shop,,Golden Retriever,,Upload image via Admin Product Box
celebrate-golden-birthday_bandana-f2dbb010,Golden Retriever Birthday Bandana,shop,,Golden Retriever,,Upload image via Admin Product Box
celebrate-golden-party_hat-0b035f9a,Golden Retriever Birthday Party Hat,shop,,Golden Retriever,,Upload image via Admin Product Box
breed-golden-keychain-e498e842,Golden Retriever Charm Keychain,shop,,Golden Retriever,,Upload image via Admin Product Box
tdc-mug-golden-6b51b807,Golden Retriever Illustrated Coffee Mug,shop,,Golden Retriever,,Upload image via Admin Product Box
breed-golden-mug-f8316721,Golden Retriever Mom/Dad Coffee Mug,shop,,Golden Retriever,,Upload image via Admin Product Box
breed-golden-bandana-fe4bd40b,Golden Retriever Pawfect Bandana,shop,,Golden Retriever,,Upload image via Admin Product Box
bp-golden_retriever-rain_jacket-shop,Golden Retriever Rain Jacket,shop,soul_made,Golden Retriever,,Upload image via Admin Product Box
dine-149222dc,Gourmet Pet Platter,shop,,,,Upload image via Admin Product Box
celebrate-dane-birthday_bandana-b9852713,Great Dane Birthday Bandana,shop,,Great Dane,,Upload image via Admin Product Box
celebrate-dane-party_hat-d2a5aaad,Great Dane Birthday Party Hat,shop,,Great Dane,,Upload image via Admin Product Box
breed-dane-keychain-ca1dbad3,Great Dane Charm Keychain,shop,,Great Dane,,Upload image via Admin Product Box
tdc-mug-dane-8f865a23,Great Dane Illustrated Coffee Mug,shop,,Great Dane,,Upload image via Admin Product Box
breed-dane-mug-a1e09785,Great Dane Mom/Dad Coffee Mug,shop,,Great Dane,,Upload image via Admin Product Box
breed-dane-bandana-e145c3a2,Great Dane Pawfect Bandana,shop,,Great Dane,,Upload image via Admin Product Box
bp-great_dane-rain_jacket-shop,Great Dane Rain Jacket,shop,soul_made,Great Dane,,Upload image via Admin Product Box
farewell-2b3012b4,Grief Support Counselling,shop,,,,Upload image via Admin Product Box
stay-5afcb957,Grooming During Stay,shop,,,,Upload image via Admin Product Box
huft-6f7d7ea8f8b2,HUFT Bandana Set (Pack of 3),shop,,,,Upload image via Admin Product Box
bp-havanese-rain_jacket-shop,Havanese Rain Jacket,shop,soul_made,havanese,,Upload image via Admin Product Box
paperwork-18b00074,Health Certificate,shop,,,,Upload image via Admin Product Box
care-4c49bf18,Heartworm Prevention,shop,,,,Upload image via Admin Product Box
dine-1dd03b79,Home Chef Pet Meal,shop,,,,Upload image via Admin Product Box
celebrate-husky-birthday_bandana-b3d22ac9,Husky Birthday Bandana,shop,,Husky,,Upload image via Admin Product Box
celebrate-husky-party_hat-0ada4b64,Husky Birthday Party Hat,shop,,Husky,,Upload image via Admin Product Box
breed-husky-keychain-128deb69,Husky Charm Keychain,shop,,Husky,,Upload image via Admin Product Box
tdc-mug-husky-a8a8eeb9,Husky Illustrated Coffee Mug,shop,,Husky,,Upload image via Admin Product Box
breed-husky-mug-52283a56,Husky Mom/Dad Coffee Mug,shop,,Husky,,Upload image via Admin Product Box
breed-husky-bandana-828e39ed,Husky Pawfect Bandana,shop,,Husky,,Upload image via Admin Product Box
bp-husky-rain_jacket-shop,Husky Rain Jacket,shop,soul_made,Husky,,Upload image via Admin Product Box
bp-indian spitz-rain_jacket-shop,Indian Spitz Rain Jacket,shop,soul_made,indian spitz,,Upload image via Admin Product Box
celebrate-indie-birthday_bandana-55f28697,Indie Birthday Bandana,shop,,Indie,,Upload image via Admin Product Box
celebrate-indie-party_hat-02c917f9,Indie Birthday Party Hat,shop,,Indie,,Upload image via Admin Product Box
breed-indie-keychain-1370dce8,Indie Charm Keychain,shop,,Indie,,Upload image via Admin Product Box
5a4d0aa3-3a15-47e3-ab7a-692ecdb1ac12,Indie Dog  Desi Pride Bandana  Heritage Style,shop,,Indie,,Upload image via Admin Product Box
a4e891a7-d1c5-4ecf-a160-9d6a50a41055,Indie Dog  Light Jacket  Monsoon Ready,shop,,Indie,,Upload image via Admin Product Box
b7a50f99-739c-4f58-b8b2-dbd587101a1f,Indie Dog  Martingale Collar  Escape-Proof,shop,,Indie,,Upload image via Admin Product Box
6e4e788a-e184-4a32-99e7-0561c9b880a0,Indie Dog  Snuffle Mat  Scent Games,shop,,Indie,,Upload image via Admin Product Box
tdc-mug-indie-f728f7ba,Indie Illustrated Coffee Mug,shop,,Indie,,Upload image via Admin Product Box
breed-indie-mug-fe4f5be3,Indie Mom/Dad Coffee Mug,shop,,Indie,,Upload image via Admin Product Box
4bc026d9-0f15-4856-a11f-63f568ee4d51,Indie Parent  Desi Dog Mug  Proud Owner,shop,,Indie,,Upload image via Admin Product Box
breed-indie-bandana-7affb343,Indie Pawfect Bandana,shop,,Indie,,Upload image via Admin Product Box
bp-indie-rain_jacket-shop,Indie Rain Jacket,shop,soul_made,Indie,,Upload image via Admin Product Box
bp-irish_setter-rain_jacket-shop,Irish Setter Rain Jacket,shop,soul_made,Irish Setter,,Upload image via Admin Product Box
bp-italian_greyhound-rain_jacket-shop,Italian Greyhound Rain Jacket,shop,soul_made,greyhound,,Upload image via Admin Product Box
celebrate-jackrussell-birthday_bandana-78fb95aa,Jack Russell Birthday Bandana,shop,,Jack Russell,,Upload image via Admin Product Box
celebrate-jackrussell-party_hat-dcd0ecaf,Jack Russell Birthday Party Hat,shop,,Jack Russell,,Upload image via Admin Product Box
breed-jackrussell-keychain-febf0791,Jack Russell Charm Keychain,shop,,Jack Russell,,Upload image via Admin Product Box
tdc-mug-jackrussell-4cdcef89,Jack Russell Illustrated Coffee Mug,shop,,Jack Russell,,Upload image via Admin Product Box
breed-jackrussell-mug-051d6c15,Jack Russell Mom/Dad Coffee Mug,shop,,Jack Russell,,Upload image via Admin Product Box
breed-jackrussell-bandana-2a49d70c,Jack Russell Pawfect Bandana,shop,,Jack Russell,,Upload image via Admin Product Box
bp-jack_russell-rain_jacket-shop,Jack Russell Rain Jacket,shop,soul_made,Jack Russell,,Upload image via Admin Product Box
4f14c5df-91b7-4c3f-b9b0-e3ea9ef5c265,Lab Parent  Labrador Travel Mug  On The Go,shop,,Labrador,,Upload image via Admin Product Box
bp-labradoodle-rain_jacket-shop,Labradoodle Rain Jacket,shop,soul_made,labradoodle,,Upload image via Admin Product Box
celebrate-lab-birthday_bandana-dbe83d60,Labrador Birthday Bandana,shop,,Labrador,,Upload image via Admin Product Box
celebrate-lab-party_hat-0cb02ee4,Labrador Birthday Party Hat,shop,,Labrador,,Upload image via Admin Product Box
breed-lab-keychain-6f511e21,Labrador Charm Keychain,shop,,Labrador,,Upload image via Admin Product Box
tdc-mug-lab-a7ff96d3,Labrador Illustrated Coffee Mug,shop,,Labrador,,Upload image via Admin Product Box
breed-lab-mug-f8305c00,Labrador Mom/Dad Coffee Mug,shop,,Labrador,,Upload image via Admin Product Box
breed-lab-bandana-04a6c616,Labrador Pawfect Bandana,shop,,Labrador,,Upload image via Admin Product Box
bp-labrador-rain_jacket-shop,Labrador Rain Jacket,shop,soul_made,Labrador,,Upload image via Admin Product Box
9c590426-93c8-474a-bd5e-0f39bce3e5c7,Large Breed  Celebration Bandana  Birthday Edition,shop,,,,Upload image via Admin Product Box
c07b80ac-cbe7-43cf-97a6-9a6dd409f96e,Large Breed  Cooling Vest  Beat The Heat,shop,,,,Upload image via Admin Product Box
e7dc2a2a-a32d-412b-91c9-6a1dc5a01319,Large Breed  Party Hat XL  Statement Piece,shop,,,,Upload image via Admin Product Box
celebrate-lhasa-birthday_bandana-123f046d,Lhasa Apso Birthday Bandana,shop,,lhasa apso,,Upload image via Admin Product Box
celebrate-lhasa-party_hat-b888a6ee,Lhasa Apso Birthday Party Hat,shop,,lhasa apso,,Upload image via Admin Product Box
breed-lhasa-keychain-e282ee7e,Lhasa Apso Charm Keychain,shop,,lhasa apso,,Upload image via Admin Product Box
tdc-mug-lhasa-78573c4e,Lhasa Apso Illustrated Coffee Mug,shop,,lhasa apso,,Upload image via Admin Product Box
breed-lhasa-mug-0187dc49,Lhasa Apso Mom/Dad Coffee Mug,shop,,lhasa apso,,Upload image via Admin Product Box
breed-lhasa-bandana-87aba5d3,Lhasa Apso Pawfect Bandana,shop,,lhasa apso,,Upload image via Admin Product Box
bp-lhasa_apso-rain_jacket-shop,Lhasa Apso Rain Jacket,shop,soul_made,lhasa apso,,Upload image via Admin Product Box
82bc71fa-e982-440e-b842-ae294671a1a3,Long Coat  Detangling Spray  Mat Prevention,shop,,,,Upload image via Admin Product Box
emergency-afc24ad7,Lost Pet Alert Service,shop,,,,Upload image via Admin Product Box
celebrate-maltese-birthday_bandana-9eba278a,Maltese Birthday Bandana,shop,,Maltese,,Upload image via Admin Product Box
celebrate-maltese-party_hat-60495004,Maltese Birthday Party Hat,shop,,Maltese,,Upload image via Admin Product Box
breed-maltese-keychain-acbcd560,Maltese Charm Keychain,shop,,Maltese,,Upload image via Admin Product Box
tdc-mug-maltese-da8fb4a0,Maltese Illustrated Coffee Mug,shop,,Maltese,,Upload image via Admin Product Box
breed-maltese-mug-0dc348cb,Maltese Mom/Dad Coffee Mug,shop,,Maltese,,Upload image via Admin Product Box
7b4a0569-c8b6-4570-b3bc-671eccc08883,Maltese Parent  Maltese Tote Bag  Daily Essential,shop,,Maltese,,Upload image via Admin Product Box
breed-maltese-bandana-dc7e708e,Maltese Pawfect Bandana,shop,,Maltese,,Upload image via Admin Product Box
bp-maltese-rain_jacket-shop,Maltese Rain Jacket,shop,soul_made,Maltese,,Upload image via Admin Product Box
bp-maltipoo-rain_jacket-shop,Maltipoo Rain Jacket,shop,soul_made,Maltipoo,,Upload image via Admin Product Box
paperwork-5e994d0f,Medical Records Digitisation,shop,,,,Upload image via Admin Product Box
fprod-locket,Memorial Locket Pendant,shop,,,,Upload image via Admin Product Box
advisory-3a1f6545,Monthly Advisory Call,shop,,,,Upload image via Admin Product Box
stay-6ebcd7f3,Monthly Daycare Pass,shop,,,,Upload image via Admin Product Box
advisory-a40e35c5,Multi-Pet Household Plan,shop,,,,Upload image via Admin Product Box
groom-34eaf366,Nail Trim & Paw Care,shop,,,,Upload image via Admin Product Box
bundle-adopt-new-family,New Family Member Package,shop,,,,Upload image via Admin Product Box
advisory-f696c03b,New Pet Parent Coaching,shop,,,,Upload image via Admin Product Box
advisory-893ea747,New Pet Parent Consult,shop,,,,Upload image via Admin Product Box
bundle-advisory-new-parent,New Pet Parent Essentials,shop,,,,Upload image via Admin Product Box
adopt-3477166e,New Pet Welcome Package,shop,,,,Upload image via Admin Product Box
advisory-4dd08198,Nutrition Planning Session,shop,,,,Upload image via Admin Product Box
dine-45ec6b9e,Organic Pet Meal Plan,shop,,,,Upload image via Admin Product Box
care-72f32b25,Pain Management Plan,shop,,,,Upload image via Admin Product Box
party-8339cfb4,Paw Print Balloon Garland Kit (50 Pcs),shop,,,,Upload image via Admin Product Box
celeb-bundle-photo,Paw-parazzi Package,shop,,,,Upload image via Admin Product Box
celeb-bundle-basic,Pawsome Party Starter,shop,,,,Upload image via Admin Product Box
stay-6999b97c47a78c4a81e03964,Pawsome Pet Resort - Lonavala,shop,,,,Upload image via Admin Product Box
prod-svc-celebrate-pawty,Pawty Package,shop,,,,Upload image via Admin Product Box
prod-svc-celebrate-pawty-package,Pawty Package (Full Celebration),shop,,,,Upload image via Admin Product Box
fit-20c869ef,Personal Fitness Assessment,shop,,,,Upload image via Admin Product Box
advisory-ec3071d6,Pet Budget Planning,shop,,,,Upload image via Admin Product Box
dine-d71fa051,Pet Chef Consultation,shop,,,,Upload image via Admin Product Box
enjoy-dbe300ab,Pet Costume Party,shop,,,,Upload image via Admin Product Box
stay-66f12a22,Pet Hotel Pool Access,shop,,,,Upload image via Admin Product Box
advisory-9869b0bb,Pet Insurance Review,shop,,,,Upload image via Admin Product Box
advisory-347e8209,Pet Life Planning,shop,,,,Upload image via Admin Product Box
enjoy-f662a5ef,Pet Movie Night,shop,,,,Upload image via Admin Product Box
community-6771dc01,Pet Parent Social Club Membership,shop,,,,Upload image via Admin Product Box
travel-3c00808d,Pet Passport Holder & Document Organizer,shop,,,,Upload image via Admin Product Box
community-7258b354,Pet Photography Meetup,shop,,,,Upload image via Admin Product Box
advisory-4dff9608,Pet Safety Audit,shop,,,,Upload image via Admin Product Box
prod-svc-care-sitting,Pet Sitting (Daily),shop,,,,Upload image via Admin Product Box
enjoy-4abbe5a7,Pet Social Club,shop,,,,Upload image via Admin Product Box
stay-84395942,Pet Staycation Bundle,shop,,,,Upload image via Admin Product Box
travel-96ad5c22,Pet Travel Insurance,shop,service,,,Upload image via Admin Product Box
stay-b688d603,Pet Webcam Access,shop,,,,Upload image via Admin Product Box
paperwork-48c6de72,Pet Will & Trust Setup,shop,,,,Upload image via Admin Product Box
community-96d0306f,Pet-Friendly Event Ticket,shop,,,,Upload image via Admin Product Box
celebrate-pom-birthday_bandana-45abb740,Pomeranian Birthday Bandana,shop,,pomeranian,,Upload image via Admin Product Box
celebrate-pom-party_hat-123dedb3,Pomeranian Birthday Party Hat,shop,,pomeranian,,Upload image via Admin Product Box
breed-pom-keychain-1b25d0fa,Pomeranian Charm Keychain,shop,,pomeranian,,Upload image via Admin Product Box
tdc-mug-pom-5959ae1e,Pomeranian Illustrated Coffee Mug,shop,,pomeranian,,Upload image via Admin Product Box
breed-pom-mug-4b339345,Pomeranian Mom/Dad Coffee Mug,shop,,pomeranian,,Upload image via Admin Product Box
breed-pom-bandana-a5491cca,Pomeranian Pawfect Bandana,shop,,pomeranian,,Upload image via Admin Product Box
bp-pomeranian-rain_jacket-shop,Pomeranian Rain Jacket,shop,soul_made,pomeranian,,Upload image via Admin Product Box
celebrate-poodle-birthday_bandana-fa5299c4,Poodle Birthday Bandana,shop,,Poodle,,Upload image via Admin Product Box
celebrate-poodle-party_hat-85d8644b,Poodle Birthday Party Hat,shop,,Poodle,,Upload image via Admin Product Box
breed-poodle-keychain-1af3e63f,Poodle Charm Keychain,shop,,Poodle,,Upload image via Admin Product Box
tdc-mug-poodle-88601225,Poodle Illustrated Coffee Mug,shop,,Poodle,,Upload image via Admin Product Box
breed-poodle-mug-e5bf5b05,Poodle Mom/Dad Coffee Mug,shop,,Poodle,,Upload image via Admin Product Box
breed-poodle-bandana-f01bed36,Poodle Pawfect Bandana,shop,,Poodle,,Upload image via Admin Product Box
bp-poodle-rain_jacket-shop,Poodle Rain Jacket,shop,soul_made,Poodle,,Upload image via Admin Product Box
travel-50b20fea4f13,Portable Pet Playpen (Foldable),shop,,,,Upload image via Admin Product Box
huft-f71cc72577d6,Premium Bandana Set (Pack of 3),shop,,,,Upload image via Admin Product Box
celebrate-bundle-premium,Premium Celebration Hamper,shop,,,,Upload image via Admin Product Box
farewell-0b79f1d7,Private Cremation Service,shop,,,,Upload image via Admin Product Box
learn-9f57f471,Private In-Home Training Session,shop,,,,Upload image via Admin Product Box
learn-prod-clicker,Professional Clicker Training Kit,shop,,,,Upload image via Admin Product Box
prod-svc-celebrate-photoshoot,Professional Pet Photoshoot,shop,,,,Upload image via Admin Product Box
celebrate-pug-birthday_bandana-8a869537,Pug Birthday Bandana,shop,,Pug,,Upload image via Admin Product Box
celebrate-pug-party_hat-c32f2b23,Pug Birthday Party Hat,shop,,Pug,,Upload image via Admin Product Box
breed-pug-keychain-52a83517,Pug Charm Keychain,shop,,Pug,,Upload image via Admin Product Box
tdc-mug-pug-9f64f156,Pug Illustrated Coffee Mug,shop,,Pug,,Upload image via Admin Product Box
breed-pug-mug-c6347399,Pug Mom/Dad Coffee Mug,shop,,Pug,,Upload image via Admin Product Box
breed-pug-bandana-1daed31c,Pug Pawfect Bandana,shop,,Pug,,Upload image via Admin Product Box
bp-pug-rain_jacket-shop,Pug Rain Jacket,shop,soul_made,Pug,,Upload image via Admin Product Box
learn-c970f784,Puppy Foundation Course,shop,,,,Upload image via Admin Product Box
bundle-learn-puppy-starter,Puppy Learning Journey,shop,,,,Upload image via Admin Product Box
learn-403fe5c2,Reactive Dog Workshop,shop,,,,Upload image via Admin Product Box
learn-4781e95d,Recall Training Intensive,shop,,,,Upload image via Admin Product Box
travel-086cc4d0163b,Reflective Safety Travel Harness,shop,,,,Upload image via Admin Product Box
advisory-cd79487b,Rehoming Consultation,shop,,,,Upload image via Admin Product Box
celebrate-rottie-birthday_bandana-9284b216,Rottweiler Birthday Bandana,shop,,Rottweiler,,Upload image via Admin Product Box
celebrate-rottie-party_hat-2949106f,Rottweiler Birthday Party Hat,shop,,Rottweiler,,Upload image via Admin Product Box
breed-rottie-keychain-3be00997,Rottweiler Charm Keychain,shop,,Rottweiler,,Upload image via Admin Product Box
tdc-mug-rottie-0138e1a2,Rottweiler Illustrated Coffee Mug,shop,,Rottweiler,,Upload image via Admin Product Box
breed-rottie-mug-448fb00f,Rottweiler Mom/Dad Coffee Mug,shop,,Rottweiler,,Upload image via Admin Product Box
breed-rottie-bandana-c7f3615b,Rottweiler Pawfect Bandana,shop,,Rottweiler,,Upload image via Admin Product Box
bp-rottweiler-rain_jacket-shop,Rottweiler Rain Jacket,shop,soul_made,Rottweiler,,Upload image via Admin Product Box
celebrate-saintbernard-birthday_bandana-a6392a67,Saint Bernard Birthday Bandana,shop,,Saint Bernard,,Upload image via Admin Product Box
celebrate-saintbernard-party_hat-de4bfd98,Saint Bernard Birthday Party Hat,shop,,Saint Bernard,,Upload image via Admin Product Box
breed-saintbernard-keychain-41294b8b,Saint Bernard Charm Keychain,shop,,Saint Bernard,,Upload image via Admin Product Box
tdc-mug-saintbernard-aaed16d3,Saint Bernard Illustrated Coffee Mug,shop,,Saint Bernard,,Upload image via Admin Product Box
breed-saintbernard-mug-45736e10,Saint Bernard Mom/Dad Coffee Mug,shop,,Saint Bernard,,Upload image via Admin Product Box
breed-saintbernard-bandana-7755e9f8,Saint Bernard Pawfect Bandana,shop,,Saint Bernard,,Upload image via Admin Product Box
celebrate-samoyed-birthday_bandana-25d52a81,Samoyed Birthday Bandana,shop,,samoyed,,Upload image via Admin Product Box
celebrate-samoyed-party_hat-4259906f,Samoyed Birthday Party Hat,shop,,samoyed,,Upload image via Admin Product Box
breed-samoyed-keychain-6b02af4b,Samoyed Charm Keychain,shop,,samoyed,,Upload image via Admin Product Box
tdc-mug-samoyed-9237ed7f,Samoyed Illustrated Coffee Mug,shop,,samoyed,,Upload image via Admin Product Box
breed-samoyed-mug-ad4542dc,Samoyed Mom/Dad Coffee Mug,shop,,samoyed,,Upload image via Admin Product Box
breed-samoyed-bandana-49f07c0d,Samoyed Pawfect Bandana,shop,,samoyed,,Upload image via Admin Product Box
bp-samoyed-rain_jacket-shop,Samoyed Rain Jacket,shop,soul_made,samoyed,,Upload image via Admin Product Box
bp-schnoodle-rain_jacket-shop,Schnoodle Rain Jacket,shop,soul_made,schnoodle,,Upload image via Admin Product Box
bp-scottish_terrier-rain_jacket-shop,Scottish Terrier Rain Jacket,shop,soul_made,scottish terrier,,Upload image via Admin Product Box
enjoy-1e456934,Seasonal Festival Pass,shop,,,,Upload image via Admin Product Box
ab5d9756-af37-41f8-9f0b-9425bfbaedb6,Senior Dog  Orthopedic Mat  Joint Support,shop,,,,Upload image via Admin Product Box
care-b409bba3,Senior Pet Care Package,shop,,,,Upload image via Admin Product Box
advisory-4c13f2cb,Senior Pet Care Plan,shop,,,,Upload image via Admin Product Box
insure-45d2f162,Senior Pet Insurance,shop,service,,,Upload image via Admin Product Box
learn-cb9efa29,Separation Anxiety Course,shop,,,,Upload image via Admin Product Box
learn-332dfec9,Service Dog Training,shop,,,,Upload image via Admin Product Box
adopt-bc5b1cf3,Shelter Support Donation,shop,service,,,Upload image via Admin Product Box
bp-shetland_sheepdog-rain_jacket-shop,Shetland Sheepdog Rain Jacket,shop,soul_made,shetland sheepdog,,Upload image via Admin Product Box
celebrate-shiba-birthday_bandana-3a660c99,Shiba Inu Birthday Bandana,shop,,,,Upload image via Admin Product Box
celebrate-shiba-party_hat-5a63364d,Shiba Inu Birthday Party Hat,shop,,,,Upload image via Admin Product Box
breed-shiba-keychain-39df2e1b,Shiba Inu Charm Keychain,shop,,,,Upload image via Admin Product Box
tdc-mug-shiba-f43eb223,Shiba Inu Illustrated Coffee Mug,shop,,,,Upload image via Admin Product Box
breed-shiba-mug-dc231f0b,Shiba Inu Mom/Dad Coffee Mug,shop,,,,Upload image via Admin Product Box
breed-shiba-bandana-4d6cb7cb,Shiba Inu Pawfect Bandana,shop,,,,Upload image via Admin Product Box
celebrate-shihtzu-birthday_bandana-859f950c,Shih Tzu Birthday Bandana,shop,,Shih Tzu,,Upload image via Admin Product Box
celebrate-shihtzu-party_hat-53ab0ecb,Shih Tzu Birthday Party Hat,shop,,Shih Tzu,,Upload image via Admin Product Box
breed-shihtzu-keychain-0bb95a19,Shih Tzu Charm Keychain,shop,,Shih Tzu,,Upload image via Admin Product Box
tdc-mug-shihtzu-da5a7546,Shih Tzu Illustrated Coffee Mug,shop,,Shih Tzu,,Upload image via Admin Product Box
breed-shihtzu-mug-00e98658,Shih Tzu Mom/Dad Coffee Mug,shop,,Shih Tzu,,Upload image via Admin Product Box
breed-shihtzu-bandana-15193d5c,Shih Tzu Pawfect Bandana,shop,,Shih Tzu,,Upload image via Admin Product Box
bp-shih_tzu-rain_jacket-shop,Shih Tzu Rain Jacket,shop,soul_made,Shih Tzu,,Upload image via Admin Product Box
946d16e9-4ea0-4fcf-995b-f0142d462db0,Short Coat  Deshedding Mitt  Fur Management,shop,,,,Upload image via Admin Product Box
bp-siberian_husky-rain_jacket-shop,Siberian Husky Rain Jacket,shop,soul_made,Siberian Husky,,Upload image via Admin Product Box
care-8816493c,Skin & Coat Treatment,shop,,,,Upload image via Admin Product Box
2b6fbfbb-d5fe-41b2-a03a-66b7ecfd56d5,Small Breed  Mini Party Hat  Tiny Crown,shop,,,,Upload image via Admin Product Box
1aedab0e-1399-4cf9-b0aa-ac32b3dc54aa,Small Breed  Party Bandana  Birthday Pawty,shop,,,,Upload image via Admin Product Box
6245097c-8e9a-40be-a0a7-6eb35ecb0bd1,Small Breed  Winter Sweater  Cozy Warmth,shop,,,,Upload image via Admin Product Box
bundle-community-social-butterfly,Social Butterfly Package,shop,,,,Upload image via Admin Product Box
groom-f1f657ff,Spa Bath & Pamper Session,shop,,,,Upload image via Admin Product Box
celebrate-spitz-birthday_bandana-c2ac1c7e,Spitz Birthday Bandana,shop,,spitz,,Upload image via Admin Product Box
celebrate-spitz-party_hat-6dc841f9,Spitz Birthday Party Hat,shop,,spitz,,Upload image via Admin Product Box
breed-spitz-keychain-f3b911d0,Spitz Charm Keychain,shop,,spitz,,Upload image via Admin Product Box
tdc-mug-spitz-834f6cb7,Spitz Illustrated Coffee Mug,shop,,spitz,,Upload image via Admin Product Box
breed-spitz-mug-75694e48,Spitz Mom/Dad Coffee Mug,shop,,spitz,,Upload image via Admin Product Box
breed-spitz-bandana-adcee918,Spitz Pawfect Bandana,shop,,spitz,,Upload image via Admin Product Box
fit-de7330a4,Sprint Training Session,shop,,,,Upload image via Admin Product Box
bp-st_bernard-rain_jacket-shop,St Bernard Rain Jacket,shop,soul_made,Saint Bernard,,Upload image via Admin Product Box
fit-0706f65f,Swimming Therapy Session,shop,,,,Upload image via Admin Product Box
dine-item-a242b0e1,TDC Bandana,shop,,,,Upload image via Admin Product Box
dine-item-ba915174,TDC Birthday Bandana,shop,,,,Upload image via Admin Product Box
dine-item-0229ab12,TDC Dental Chews,shop,,,,Upload image via Admin Product Box
dine-item-587ac910,TDC Dine-fish-omega,shop,,,,Upload image via Admin Product Box
dine-item-6910756b,TDC Dine-fresh-chicken,shop,,,,Upload image via Admin Product Box
dine-item-58a0bc3e,TDC Dine-lamb-rice,shop,,,,Upload image via Admin Product Box
dine-item-ddbc5472,TDC Dine-veggie-bowl,shop,,,,Upload image via Admin Product Box
dine-item-b75c8ac7,TDC Gourmet Meal,shop,,,,Upload image via Admin Product Box
dine-item-18beef18,TDC Gourmet Treats Pack,shop,,,,Upload image via Admin Product Box
dine-item-f7ff0c49,TDC Party Hat Set,shop,,,,Upload image via Admin Product Box
dine-item-0acc627d,TDC Paw Print Napkins,shop,,,,Upload image via Admin Product Box
dine-item-fed1000d,TDC Peanut Butter Biscuits,shop,,,,Upload image via Admin Product Box
dine-item-475cda5d,TDC Photo Frame,shop,,,,Upload image via Admin Product Box
dine-item-1e4e3113,TDC Plush Toy,shop,,,,Upload image via Admin Product Box
dine-item-5126b62c,TDC Premium Treats Box,shop,,,,Upload image via Admin Product Box
dine-item-462a43d5,TDC Special Treats,shop,,,,Upload image via Admin Product Box
dine-item-ff02ced2,TDC Treat Pouch,shop,,,,Upload image via Admin Product Box
stay-6999b97c47a78c4a81e03965,The Dog House - Gurgaon,shop,,,,Upload image via Admin Product Box
advisory-4bcf8a7b,Training Method Consult,shop,,,,Upload image via Admin Product Box
learn-prod-treats,Training Treat Pouch + Treats,shop,,,,Upload image via Admin Product Box
travel-50e5d581,Travel Anxiety Treats,shop,,,,Upload image via Admin Product Box
insure-9212f433,Travel Insurance for Pets,shop,service,,,Upload image via Admin Product Box
df74b050-240a-4ddb-9786-f7273df9cb85,Travel Ready  Portable Water Bottle  Hydration Station,shop,,,,Upload image via Admin Product Box
bundle-paperwork-travel-ready,Travel Ready Package,shop,,,,Upload image via Admin Product Box
fit-773d1514,Treadmill Training,shop,,,,Upload image via Admin Product Box
learn-ad2ada40,Trick Training Workshop,shop,,,,Upload image via Admin Product Box
celeb-bundle-ultimate,Ultimate Birthday Bash,shop,,,,Upload image via Admin Product Box
celebrate-bundle-birthday,Ultimate Birthday Bundle,shop,,,,Upload image via Admin Product Box
bundle-groom-pamper-day,Ultimate Pamper Day,shop,,,,Upload image via Admin Product Box
learn-prod-whistle,Ultrasonic Training Whistle,shop,,,,Upload image via Admin Product Box
care-4a5a66b0,Vaccination Package,shop,,,,Upload image via Admin Product Box
prod-svc-care-vet,Vet Consultation at Home,shop,,,,Upload image via Admin Product Box
advisory-868116bf,Vet Selection Assistance,shop,,,,Upload image via Admin Product Box
bp-vizsla-rain_jacket-shop,Vizsla Rain Jacket,shop,soul_made,vizsla,,Upload image via Admin Product Box
party-af29633b,WOOF Letter Balloon Set - Gold Foil,shop,,,,Upload image via Admin Product Box
stay-5ce68721,Weekly Boarding Package,shop,,,,Upload image via Admin Product Box
celebrate-weimaraner-birthday_bandana-a6de3ec0,Weimaraner Birthday Bandana,shop,,weimaraner,,Upload image via Admin Product Box
celebrate-weimaraner-party_hat-87e3ec47,Weimaraner Birthday Party Hat,shop,,weimaraner,,Upload image via Admin Product Box
breed-weimaraner-keychain-80381e3f,Weimaraner Charm Keychain,shop,,weimaraner,,Upload image via Admin Product Box
tdc-mug-weimaraner-ec50d881,Weimaraner Illustrated Coffee Mug,shop,,weimaraner,,Upload image via Admin Product Box
breed-weimaraner-mug-12268f96,Weimaraner Mom/Dad Coffee Mug,shop,,weimaraner,,Upload image via Admin Product Box
breed-weimaraner-bandana-74831512,Weimaraner Pawfect Bandana,shop,,weimaraner,,Upload image via Admin Product Box
bp-weimaraner-rain_jacket-shop,Weimaraner Rain Jacket,shop,soul_made,weimaraner,,Upload image via Admin Product Box
care-9edbbfba,Wellness Blood Test,shop,,,,Upload image via Admin Product Box
fprod-urn-wooden,Wooden Memory Box,shop,,,,Upload image via Admin Product Box
bp-yorkshire-rain_jacket-shop,Yorkshire Rain Jacket,shop,soul_made,yorkshire,,Upload image via Admin Product Box
celebrate-yorkie-birthday_bandana-f5970c17,Yorkshire Terrier Birthday Bandana,shop,,Yorkshire Terrier,,Upload image via Admin Product Box
celebrate-yorkie-party_hat-7e99a733,Yorkshire Terrier Birthday Party Hat,shop,,Yorkshire Terrier,,Upload image via Admin Product Box
breed-yorkie-keychain-95edaad4,Yorkshire Terrier Charm Keychain,shop,,Yorkshire Terrier,,Upload image via Admin Product Box
tdc-mug-yorkie-dfd90b02,Yorkshire Terrier Illustrated Coffee Mug,shop,,Yorkshire Terrier,,Upload image via Admin Product Box
breed-yorkie-mug-d7172dd5,Yorkshire Terrier Mom/Dad Coffee Mug,shop,,Yorkshire Terrier,,Upload image via Admin Product Box
breed-yorkie-bandana-98805cb6,Yorkshire Terrier Pawfect Bandana,shop,,Yorkshire Terrier,,Upload image via Admin Product Box
