id,name,category,pillar,price,brand,description
shopify-8742247891098,Pick-A-Treat Pup Box,treats,,1199.0,,"Because every good dog deserves a little bit of everything  Our Treats &amp; Tails Box lets you mix,"
shopify-8742243238042,Go Bananas Box,other,,499.0,,"Go Bananas for better treats  A feel-good banana combo made with simple, nourishing ingredients your"
shopify-8740883824794,Berry Much Love Box,other,,499.0,,"Berry Much Love, packed in one box  A wholesome strawberry-themed combo made to celebrate dogs the h"
shopify-8661308375194,Googly Ghoul Dognuts,dognuts,,475.0,,Because Halloweens more fun with a little spook and a lot of wag!  These eye-popping do(g)nuts are f
shopify-8661314961562,Jack O Lick Pupcakes,dognuts,,475.0,,Trick or treat? Definitely treat!  These Halloween-themed pupcakes are topped with homemade yogurt a
shopify-8661303918746,Creepy Crawly Dognuts,dognuts,,475.0,,Spooky meets scrumptious with these Halloween-themed do(g)nuts!  Frosted with spinach &amp; yogurt f
shopify-8661298741402,Spooky Pupcakes,dognuts,,475.0,,"A Halloween-perfect mix of Jack-o-lantern  and spooky eyeball  pupcakes  made with healthy, pet-safe"
shopify-8642355429530,Puppuccino Toy,accessories,,699.0,,"One Puppuccino, coming right up! Weve taken your dogs favorite coffee house treat and transformed it"
shopify-8642354741402,Cola Can Squeaky Toy,accessories,,480.0,,Quench your pups thirst for fizzy fun with the Zippy Cola Squeakie Can toy! Each can-shaped toy prov
shopify-7222825058458,Dog Birthday Cake Hamper W/ Toy,hampers,,1599.0,,"With yummy cakes and treats, pawdorable goodies, pawfect decorations and a bandana to match this is "
shopify-7222829908122,Breed Birthday Cake Hamper W/ Toy,hampers,,1899.0,,"With yummy cakes and treats, pawdorable goodies, pawfect decorations and a bandana to match this is "
shopify-8637869359258,Coconut & Honey Ladoos,desi-treats,,295.0,,"Coconut &amp; Honey Ladoos for Dogs Golden, festive, and oh-so-irresistible!  Our Coconut &amp; Hone"
shopify-8637868474522,Oat Ladoos,desi-treats,,295.0,,"Oat Ladoos for Dogs A simple, hearty treat that celebrates both health and happiness . Our Oat Ladoo"
shopify-8637866213530,Desi Tails Diwali Treat Box,desi-treats,,349.0,,A Celebration in Every Bite  Desi Doggy Sweet Box!  A delicious assortment of dog-friendly festive s
shopify-8637235724442,Boba Milk Tea Toy,accessories,,699.0,,"Boba Milk Tea, anyone? Weve taken your happy place and transformed it into an adorable plush toy for"
shopify-8637228318874,Strawberry Dognut Toy,dognuts,,449.0,,"Embroidered ""sprinkles"" and toppings make them look like real delicious donuts! Each donut includes "
shopify-8637227761818,Choco Dognut Toy,dognuts,,449.0,,"Embroidered ""sprinkles"" and toppings make them look like real delicious donuts! Each donut includes "
shopify-8634045595802,Kawaii Woofy Cake,cakes,,650.0,,"Bring home the cuteness overload with our round, anime-inspired Kawaii Woofy Cake ! . This playful c"
shopify-8634045202586,Cheeky Boney,cakes,,650.0,,"Shaped like a playful bone, this cake is topped with our homemade yogurt frosting and decorated with"
shopify-8584694694042,Tailored Peanut Butter Cake,cakes,,749.0,,"Make your pups special day truly unique with the Tailored Peanut Butter Cake ! Featuring a rich, pet"
shopify-8552754053274,Peanut Butter & Yoghurt Woof Dognuts,dognuts,,450.0,,Donuts made just for dogswith love! These soft-baked goodies are glazed with our house-made peanut b
shopify-8561241325722,Bone Rakhi Treat Box - Coconut-Honey Ladoos & Kaju Katlis,desi-treats,,249.0,,For the sibling who wags their tail every time you walk in  the Bone Rakhi Box is the perfect way to
shopify-8561227333786,Paw Rakhi Celebration Box - Coconut-Honey Ladoos & Kaju Katlis,hampers,,249.0,,"Celebrate the bond of love, licks, and loyalty with our Paw Rakhi Box ! This box includes: 4 pieces "
shopify-8546357772442,Labowbow,cakes,,650.0,,"Introducing the Labuba Cake  made for Labrador lovers and their joyful, tail-wagging best friends. P"
shopify-8157395157146,Snuffle Pupcake Toy,dognuts,,699.0,,"Your dogs playtime just took a super cute turn! With some easy and some challenging hiding spots, th"
shopify-8499268419738,Mangolicious Woofs  Limited Edition,dognuts,,475.0,,Our best-selling Woof Dognuts just got a summer twist!  Introducing Limited Edition: Mango Woof Dogn
shopify-8493825818778,Mother's Day Mini Cake,mini-cakes,,599.0,,Celebrate unconditional love with our limited-edition Mothers Day Cake  topped with a cute doggo des
shopify-8491388666010,Mutton & Veggies Meal,fresh-meals,,225.0,,"Mutton &amp; Veggies  Rich in Taste, Balanced in Nutrition For dogs who crave hearty, meaty meals an"
shopify-8491407704218,Chicken & Veggies Meal,fresh-meals,,149.0,,"Chicken &amp; Veggies  A Fresh, Balanced Bowl for Daily Nourishment A comforting blend of protein an"
shopify-8484738891930,Mango Jello Bones,frozen-treats,,449.0,,"Introducing our Mango Jello Bones, a delicious and refreshing treat for your furry friend. Made with"
shopify-8456747647130,Jalebi Box (Cheddar & Oat),desi-treats,,295.0,,"Tail-eebi Treats  Crunchy Spirals for Your Doggo! These golden, crunchy, dog-friendly Jalebis are ma"
shopify-5898109452442,Besan Ladoos,desi-treats,,295.0,,"Besan Ladoos for Dogs Bring home the taste of tradition, made safe for your furry best friend!  Our "
shopify-8456752529562,Desi Doggy Sweet Box,desi-treats,,349.0,,A Celebration in Every Bite! A delicious assortment of dog-friendly festive sweets! Includes:  3 Guj
shopify-8456740044954,The Holi Gujiya Box,desi-treats,,399.0,,"Pawjiya Delight  A Festive Treat for Your Pup! Crafted with love, our dog-friendly Gujiyas are made "
shopify-8453492015258,Blueberry Fro-Yo,frozen-treats,,550.0,,"4 servings of 125ml each Beat the heat with our Blueberry Fro-Yos a creamy, cooling treat for your f"
shopify-8453492113562,Watermelon Fro-Yo,frozen-treats,,550.0,,"4 servings of 125ml each Beat the heat with our Blueberry Fro-Yos a creamy, cooling treat for your f"
shopify-8453476057242,Watermelon Jello Bones,frozen-treats,,499.0,,Box of 8 bone-shape pieces Keep your pupper hydrated and happy with our Watermelon Jello Bones the p
shopify-8453474320538,Blueberry Jello Bones,frozen-treats,,499.0,,Box of 8 bone-shape pieces Cool down your pupper fren with our Blueberry Jello Bones the ultimate su
shopify-8452103733402,Frosty Toy Poodle Cake,breed-cakes,,999.0,,Delight your pup with our Frosty Fido Cake! This charming treat features our specialty homemade yogu
shopify-7657010921626,Banana & Oats Crunch W/ Hemp Hearts,treats,,335.0,,Elevate your furry friend's snacking experience with our Hemp Hearts-topped Banana &amp; Oat biscuit
shopify-7657017180314,Cheesy Chicken Explosion W/ Hemp Hearts,treats,,377.0,,Elevate your furry friend's snacking experience with our Hemp Hearts-topped Cheddar Chicken biscuits
shopify-8431737176218,Pawfect Valentines Gift Box,hampers,,1450.0,,"Celebrate love with our Pawfect Valentines Gift Box , crafted specially for your furry Valentine!  T"
shopify-8431163441306,Strawberry & Pumpkin Jello Hearts,frozen-treats,,450.0,,Box of 24 heart-shape pieces Heart Shaped jellos are ideal for ending a pupper frens lomg day. These
shopify-8431162556570,Chicken Delight Doggo Cake,cakes,,799.0,,"Crafted to resemble a chicken leg, this delectable cake features a savory base flavored with your ch"
shopify-8431158755482,Strawberry Pawfect Love Cake,cakes,,749.0,,"Celebrate love with our heart-shaped Valentine's-themed cake, made with wholesome rolled oats and in"
shopify-8425388605594,Yogurt Paw Pupcakes,dognuts,,475.0,,"Treat your doggo to these paw-tastic pupcakes! Made with oats and your choice of chicken, banana, or"
shopify-8425387262106,Peanut Butter Doggo Pupcakes,dognuts,,475.0,,Delight your pup with these adorable dog-face pupcakes! Made with wholesome oats and your choice of 
shopify-8406254813338,Tailored Blueberry Cake,cakes,,749.0,,"Make your pups special day truly unique with the Tailored Cake ! Featuring delicious, pet-friendly b"
shopify-8406255534234,Garden Delight Cake,cakes,,749.0,,Add a splash of color and joy to your pups celebration with our Garden Delight Cake ! Decorated with
shopify-8407385276570,Rainbow Heart Celebration Cake,cakes,,749.0,,Add a splash of color to your pups special day with our Rainbow Heart Celebration Cake ! Made with v
shopify-8407385669786,Paw Prints Celebration Cake!,cakes,,749.0,,Celebrate your pups special day with the timeless charm of our Paw Prints Celebration Cake ! Decorat
shopify-8397605994650,Christmas Cookies (200g),treats,,199.0,,Delicious treats made with love for your furry friend.
shopify-8390454542490,Christmas Dognuts,dognuts,,450.0,,"This Christmas, let your furry friend indulge in the festive spirit with our Christmas Dog-nuts !  A"
shopify-8390454116506,Santa Paws Mini Cake Set,mini-cakes,,499.0,,Make your pups Christmas extra special with our Santa Paws Mini Cake Set !  Each set includes 4 fres
shopify-7587155509402,Merry O!,other,,449.0,,"Now available in sets of 4 or 6 , Merry Os are freshly baked festive pupcakes made with your choice "
shopify-8387964764314,Peanut Butter Poodle,breed-cakes,,999.0,,Say hello to our Pawfect Poodle cake specially crafted for your little furry friends! Made with our 
shopify-8387964666010,Mutt Munch,breed-cakes,,650.0,,Say hello to our Pawfect Poodle cake specially crafted for your little furry friends! Made with our 
shopify-8387963125914,Mini Mutt Munch,breed-cakes,,499.0,,Say hello to our Pawfect Poodle specially crafted for your little furry friends! Made with our signa
shopify-8376862965914,Furry Festive Diya Cake,cakes,,650.0,,"Let your dog join in the Diwali fun with this beautifully decorated Diya-themed cake, made with dog-"
shopify-8376859984026,Cracker Cookie & Ladoo Combo,desi-treats,,299.0,,(Set of 6) Experience the best of both worlds this Diwali  a savory and sweet treat in one box. This
shopify-8376859885722,Mini Ladoo Box,desi-treats,,299.0,,"(Set of 4) Delight in a festive assortment of rich, golden Besan Ladoos paired with wholesome Ragi L"
shopify-8367927099546,Pawsonalized Bone Bash,cakes,,650.0,,"Make your dog's birthday extraordinary with our ""Pawsonalized Bone Bash"" cake. This bone-shaped trea"
shopify-8367925461146,Peanut Pup Prints,cakes,,849.0,,"Treat your fluffy companion to our Paw-nut Butter Delight dessert, crowned with a scrumptious mix of"
shopify-7886942437530,Pack of 3 Tricolor Dognut Delights,dognuts,,349.0,,"This Independence Day, let your canine companion join in the festivities with our Tri-Color Doggnuts"
shopify-7886943289498,Tricolor Treats Combo,treats,,570.0,,"This Independence Day, let your canine companion join in the festivities with our Tri-Color Doggnuts"
shopify-8288687816858,Barkday Bash Box,hampers,,999.0,,Celebrate your furry friend's special day with the ultimate cake-making experience! The Barkday Bash
shopify-8288672612506,Furry Friend Festive Box,hampers,,1250.0,,Treat your furry friend to the ultimate indulgence with our Pawsome Treat Box! This delightful gift 
shopify-6743041867930,Breed Cake Hamper W/ Feeding Mat,hampers,,1650.0,,"With yummy cakes and treats, pawdorable goodies, pawfect decorations and a feeding mat to match this"
shopify-7887462367386,Treat Jar & Cookie Combo,treats,,1000.0,,A treat jar with a cute dog on it for your pup's snacks and pair it with a box of mouthwatering cook
shopify-8160913981594,Unicorn Unity Cake,cakes,,749.0,,"A mythical unicorn cake with a white base, highlighted by a spectrum mane and a shimmering golden ho"
shopify-8252689252506,Gotta Catch Em' All,cakes,,650.0,,Unleash the fun with our Gotta Catch Em All Pokeball themed dog cake! Perfect for your furry friend'
shopify-8252711075994,Maya's Toy,cakes,,1750.0,,"Maya's favorite toy is now a dog-friendly cake! Indulge your furry friend with this playful treat, m"
shopify-8252710027418,Sunflower Season,cakes,,749.0,,Get ready for a dog-friendly treat with Sunflower Season! Our unique dog cake features sunflower top
shopify-8252706029722,Wroom Wroom!,cakes,,1750.0,,Indulge your furry friend's need for speed with our Car Cake! Made with creamy yogurt and irresistib
shopify-8252687909018,Teddy,cakes,,850.0,,"Introducing Teddy, the sweetest treat for your furry friend! This scrumptious dog cake features a pe"
shopify-8252671951002,Sunshine & Rainbows,cakes,,650.0,,Indulge in a little slice of sunshine and happiness with our Sunshine &amp; Rainbows cake. Inspired 
shopify-8205745127578,Pan India Cake,cakes,,600.0,,"Here's a pan-India cake, available for nationwide delivery! Choose from 4 of our most popular cake d"
shopify-8200986624154,Dog Mom Woof Box,hampers,,1200.0,,"Treat the special dog moms in your life with our ""Dog Mom Pawsentials Box""! This thoughtful gift set"
shopify-8198158712986,Moms Marvel Cake,cakes,,749.0,,"With soft swirls of pastel icing and a delicate floral garnish, the ""Mom's Marvel Cake"" embodies the"
shopify-8160896057498,Prideful Pooch,cakes,,749.0,,"Shaped like a classic dog bone, this cake boasts a cascade of Pride colors on top with a clean white"
shopify-8198119719066,Canine Kisses Cake,cakes,,749.0,,"This bone-shaped treat symbolizes the sweet and loving kisses moms receive from their furry friends,"
shopify-8198230081690,Square Snuggles,cakes,,749.0,,"The ""Square Snuggles Cake"" stands out with its geometric precision and a burst of colorful confetti-"
shopify-8198293749914,Hug-in-a-Cake,cakes,,749.0,,"This round cake wraps comfort and love into every layer, featuring a rich, creamy filling and a top "
shopify-8160909230234,Rainbow Roundabout,cakes,,749.0,,"A cheerful round cake adorned with soft rainbow swirls atop pristine white icing, symbolizing unity "
shopify-8144758407322,Pacman,cakes,,949.0,,Celebrate with a blast from the past with our Pacman-inspired cake! Each bite offers a delicious fla
shopify-8142937391258,Here Comes the Sun,cakes,,649.0,,"Celebrate the splendor of sunny days with our 'Here Comes the Sun' Cake, designed to elevate your do"
shopify-8130021982362,Carnival Canine,cakes,,749.0,,"Dressed in a party-perfect polka-dot bandana and surrounded by a necklace of colorful treats, the ""C"
shopify-8130020475034,Buddy Peanut Butter Cake,cakes,,749.0,,"Celebrating the cheer that pets bring into our lives, the ""Buddy Cake"" is the epitome of edible joy."
shopify-8130021884058,Floral Fido,cakes,,749.0,,"The ""Floral Fido Cake"" is a celebration of spring's bloom and our dogs' unwavering affection. Adorne"
shopify-8130022113434,Puppy Love Squares,cakes,,749.0,,"The ""Puppy Love Squares"" cake is a square of sweetness, featuring heart-shaped fondant ears and blus"
shopify-8130022604954,Biscuit Buddy,cakes,,749.0,,"The ""Biscuit Buddy Cake"" combines a classic dog bone shape with a joyful pooch expression, making it"
shopify-8130021556378,Pooch's Smiles,cakes,,749.0,,"With a beaming face that lights up any room, the ""Pooch's Smiles Cake"" is a testament to the happine"
shopify-8130022408346,Hearty Hound,cakes,,749.0,,"With its endearing heart-shaped ears and rosy-cheeked smile, the ""Hearty Hound Cake"" is a loving nod"
shopify-8130022834330,Cheerful Chum,cakes,,749.0,,"With its bright eyes and friendly wagging tongue, the ""Cheerful Chum Cake"" is a delicious celebratio"
shopify-7587169665178,Festive Cake Pops,cakes,,699.0,,Make your pups Christmas extra merry with our Festive Cake Pops!  This joyful set of 6 Christmas Cak
shopify-8105723429018,Banana Chicken Fro-Yo,frozen-treats,,499.0,,Treat your pup to a delightful blend of banana and chicken flavor with our Banana &amp; Chicken Fro 
shopify-5453506347162,Smilo Cake,cakes,,650.0,,A cheerful cake to keep your pooch grinning from ear to floppy ear. Select from our nourishing oats 
shopify-8105137733786,You Are My Sunshine,cakes,,499.0,,"Bask in the glow of sunny days with our 'You Are My Sunshine' Cake, specially baked to brighten your"
shopify-8105138946202,Scoops of Joy,cakes,,749.0,,"Indulge your furry friend in the 'Scoops of Joy Cake,' a whimsical creation adorned with mini ice cr"
shopify-8105140781210,Sunbeam Bliss Cake Pops,cakes,,600.0,,"Brighten your pup's day with 'Sunbeam Bliss Cake Pops,' creatively designed in the joyful shape of t"
shopify-8105143435418,Summer Icons,other,,600.0,,"Dive into the essence of summer with our 'Summer Icons Pupcake Set,' featuring a delightful assortme"
shopify-8105144418458,Cool Cones,cakes,,749.0,,"Treat your furry friend to a taste of summer with our 'Cool Cones Cookie Collection,' a delightful s"
shopify-5562967818394,Red Velvet,dognuts,,550.0,,"Baked with the excellent combination of beet and wheat, these red velvet pupcakes are going to dispu"
shopify-6121099296922,Paw Love Pupcakes,dognuts,,600.0,,BOX OF 4 OR 6 These pawsome cup cakes are all you need to have a pawfect Valentine with your furry b
shopify-8021693595802,Furry Fiesta Pupcake,dognuts,,600.0,,Dive into the festival of colors with our Holi Furry Fiesta Pupcakes. Each pupcake is a miniature ce
shopify-8040910946458,The Doggy Bakery Virtual Gift Card,gift-cards,,1000.0,,Delicious gift cards made with love for your furry friend.
shopify-8029145104538,It Is a Roast Chicken!,cakes,,2750.0,,"Dive into the savory world of this uniquely designed cake, expertly crafted to resemble a sumptuous "
shopify-8025243058330,Spotty Pup,cakes,,3000.0,,"Pamper your pooch with our Spotty Pup Delight, a delectable brown and white cake dotted with love an"
shopify-8025243811994,Nutty Pup,cakes,,3000.0,,"Whisk your furry friend away to flavor town with our Nutty Pup Treat, a peanut butter-colored cake d"
shopify-8025235849370,Pink Pooch Paradise,cakes,,3000.0,,"Dive into a world of whimsy with our Pink Puppy Giant Cake, the perfect centerpiece for your pup's s"
shopify-8022398501018,Cheep Cheep,other,,600.0,,"Celebrate the little joys with our 'Cheep Cheep Celebration Pupcake,' a delightful treat inspired by"
shopify-8022398140570,Chicky Pawps,other,,600.0,,"Get ready for a peck of fun with our 'Chicky Pawps Delights,' where the zest of chicken meets the ch"
shopify-8022397747354,Cluck & Peep Duo Cookies,treats,,600.0,,"Introducing our 'Cluck &amp; Peep Duo Cookies,' a charming set of Mumma Hen and Baby Chick shaped tr"
shopify-8022390997146,Bee the Best,other,,550.0,,"Buzz into happiness with our 'Bee the Best Cookies,' a delightful treat inspired by nature's little "
shopify-8022389260442,Easter Rings,other,,450.0,,"Dive into the spirit of Easter with our 'Easter Rings,' a colorful and tasty addition to your pet's "
shopify-8022385229978,Hoppy Bunny,cakes,,749.0,,Celebrate Easter with a touch of whimsy using our Hoppy Bunny Celebration Cake. This delightful cake
shopify-8022382837914,Cluck,cakes,,749.0,,"Hop into the festive spirit with our Cluck Cake, tailor-made for your canine companion's Easter cele"
shopify-8021906227354,Woof Dognuts,dognuts,,450.0,,"Indulge your pup in the luxurious taste of our Woof Dognuts, a sumptuous treat that combines rich, v"
shopify-8021820244122,I Ruv My Dog,cakes,,749.0,,Celebrate the unspoken bond you share with your furry friend with our 'I Ruv My Dog Cake.' This hear
shopify-8021819883674,One Love Bowto Mini Cake,mini-cakes,,599.0,,Valentine's Bowto Special  A Heartfelt Treat for Your Furry Best Friend Celebrate love this February
shopify-8010954834074,Bowto Love Mini Cake!,mini-cakes,,599.0,,Valentine's Bowto Special  A Heartfelt Treat for Your Furry Best Friend Celebrate love this February
shopify-8021691138202,Festival of Colours Bowto Cake,mini-cakes,,599.0,,"Celebrate Holi with our Festival of Colours Bowto Cake, a vibrant tribute to this joyous occasion. T"
shopify-8021693497498,Pichkari Cake,cakes,,749.0,,"Unleash a splash of joy with our Holi-themed Pichkari Cake. Weighing 500 grams, this cake is inspire"
shopify-8021690646682,Holi Heart Delight,desi-treats,,600.0,,"Indulge your pup in the festive spirit with our Holi Hearts Delight Cookies, bursting with vibrant c"
shopify-8021623210138,I Ruv My Dog,cakes,,649.0,,Celebrate the unspoken bond you share with your furry friend with our 'I Ruv My Dog Cake.' This hear
shopify-8021620293786,XOXO Red Velvet,other,,600.0,,"Embrace the spirit of affection with our 'XOXO Red Velvet Pupcakes,' a decadent and lovingly crafted"
shopify-8021620031642,Sweetheart Sprinkles,other,,600.0,,"Indulge your canine companion in a box of pure joy with 'Sweetheart Sprinkles,' a set of six pink he"
shopify-8021619671194,Lady's Love Treat,treats,,338.0,,"Spoil your female furry friend with our 'Lady's Love Treat,' a Pink Valentine Heart Cookie designed "
shopify-8021619048602,Gentleman's Heart Delight,treats,,550.0,,"Celebrate your male canine companion with our 'Gentleman's Heart Delight,' a Blue Valentine Heart Co"
shopify-8020711866522,Crunchy Dogoroon,treats,,399.0,,"Discover the joy of Crunchy Dogoroons, TDB's custom biscuit box that's all about crunchy goodness. T"
shopify-7660394283162,Cheeku Fro-Yo,frozen-treats,,500.0,,4 servings of 125ml each Introducing our delicious Sapodilla Flavor Dog Frozen Yogurt! Made with rea
shopify-8019155419290,Gajjar Laddu,desi-treats,,399.0,,"Box of 9 bite-size Laddoos if you are looking for something traditional to celebrate your furry one,"
shopify-8019141329050,Bark Boney,cakes,,749.0,,"Introducing the 'Bark Boney Cake,' a whimsically bone-shaped treat adorned with a cute dog face. Its"
shopify-5700485447834,Dog Cake Party Box,hampers,,1049.0,,"With yummy cakes and treats, pawdorable goodies, pawfect merchandise and everything that you and you"
shopify-8019010650266,Square Pooch,cakes,,749.0,,"A square cake with a tender paw imprint, capturing the essence of the love shared with your four-leg"
shopify-8019009732762,Dog Star,cakes,,650.0,,"The Dog Star is part of the constellation Canis Major, Latin for ""the greater dog"" and so is this de"
shopify-8018975752346,Pawty Time,dognuts,,475.0,,Celebrate your furry friend's special moments with our 'Pawty Time Pupcake Set'. This delightful col
shopify-8018972246170,Mini Doggo,dognuts,,475.0,,Experience the essence of our signature Doggo cake in adorable pupcake form. These delightful Mini D
shopify-8018969165978,Peanut & Yogurt Yaps,dognuts,,450.0,,"Treat your pup to our Peanut &amp; Yogurt Yaps, featuring a delectable peanut topping and a smooth y"
shopify-8018968576154,Strawberry Sweetheart,dognuts,,450.0,,"Indulge in the charm of our Strawberry Sweetheart Pupcake, a delightful blend of fresh strawberry bi"
shopify-8018967494810,Mango Munch,dognuts,,450.0,,"Savour the tropical taste of our Mango Munch Pupcake, featuring a luscious mango topping on a nutrit"
shopify-8018121818266,Sultan,cakes,,749.0,,"A regal and charming square-shaped confection, fit for canine royalty and named 'Sultan' for its gra"
shopify-7587156623514,Merry Christmas Cake,cakes,,549.0,,"A Christmas Cake for your doggos, a beautifully simple design to being in the festive joy! It's time"
shopify-8016311910554,Love My Doggy,cakes,,749.0,,"An ode to the heartfelt connection with your canine, this cake is a sweet testament to the love you "
shopify-8016298705050,Mynx Shih Tzu Cake,breed-cakes,,749.0,,"Sassy and stylish, this cake is the perfect match for your canine's charming antics. Select from our"
shopify-8017957683354,Smiling Star,cakes,,650.0,,"Smile the spotlight on your pup with this smiley star-shaped cake, a tribute to the celebrity in eve"
shopify-8016302506138,United We Win,cakes,,749.0,,Celebrate the bond of unity with a cake that stands for togetherness. Select from our nourishing oat
shopify-8016320200858,Ultimate Boney Dream Cake,cakes,,1200.0,,"A majestic bone-shaped centerpiece complemented by four mini delights, crafting a dreamy feast for y"
shopify-8017957781658,Star Flower,cakes,,650.0,,"This little unicorn star-shaped cake, is a special way to let your pup know just how unique she or h"
shopify-8016314990746,Sprinkles,cakes,,749.0,,"Dotted with vibrant sprinkles, this bone-shaped cake turns treat time into a party. Each cake of 500"
shopify-8016299163802,Slices,cakes,,749.0,,"Every slice is a piece of heaven, tailored for a delightful snacking experience. Select from our nou"
shopify-8016311124122,Pawpy Love,cakes,,749.0,,"A heart-shaped cake that's a cuddly celebration of your bond, brimming with flavors that'll make you"
shopify-8016316956826,Pawlicious,cakes,,749.0,,"This cake embodies the delicious joy of spoiling your pooch, with each paw print a stamp of flavor. "
shopify-8016368566426,Pawfect Love,cakes,,749.0,,"A cake thats a tribute to the perfect love you receive from your furry friend, baked into a pawfect "
shopify-8016299688090,Patches,cakes,,749.0,,A patchwork of flavors that come together in a harmonious blend for your pup. Select from our nouris
shopify-8016295395482,Ms. Mahi,cakes,,749.0,,"Elegant and enchanting, this cake is as captivating as the lady it's named after. Select from our no"
shopify-8016290939034,Moonie,cakes,,749.0,,A dreamy delight inspired by tranquil nights and serene slumbers. Select from our nourishing oats or
shopify-8016296149146,Mojo,cakes,,749.0,,Infuse some magic into treat time with a cake that's sure to bring back the mojo. Select from our no
shopify-8016298180762,Maya,cakes,,749.0,,"Enigmatic and alluring, a treat wrapped in mystery for the adventurous palate. Select from our nouri"
shopify-8016312893594,Furever My Love,cakes,,749.0,,"Symbolizing a promise of eternal companionship, this cake is a delicious forever pledge to your loya"
shopify-8017969545370,French Bulldog,breed-cakes,,999.0,,A chic and charismatic treat that embodies the playful charm and distinctive appeal of the French Bu
shopify-8016306208922,Flower Square,cakes,,749.0,,"A square cake with a tender paw imprint, capturing the essence of the love shared with your four-leg"
shopify-8016312369306,Dream Love,cakes,,749.0,,A whimsical heart-shaped cake that's as dreamy as the daydreams of chasing squirrels in sunny meadow
shopify-8016291397786,Coochie Pie,cakes,,749.0,,Cuddle up with this sweet treat that's as endearing as your pup's coochie coos. Select from our nour
shopify-8017997398170,Chow Chow,breed-cakes,,999.0,,"Chow Chow Delight: Immerse in the whimsical charm of this Chow Chow-themed cake, a tribute to the fl"
shopify-8018043469978,Boxer,breed-cakes,,999.0,,"A robust and affectionate tribute in cake form, capturing the stout heart and amiable nature of the "
shopify-8016293986458,Bow Wow,cakes,,749.0,,A bark-tastic cake that speaks the universal language of canine happiness. Select from our nourishin
shopify-8016296607898,Big Woof,cakes,,799.0,,Go big with bold flavors that echo the resounding woofs of joy from your dog. Select from our nouris
shopify-8016308797594,Barky Bliss,cakes,,749.0,,A blissful square confection that's sure to get your dog barking with joy at the very first sniff an
shopify-8016294576282,Badmash,cakes,,749.0,,"For the playful rebel, a cake that matches their mischievous spirit. Select from our nourishing oats"
shopify-8016317644954,Awesome Pawsome,cakes,,1200.0,,"Not just a paw-shaped cake, but a celebration, accompanied by four mini cupcakes for a pawsitively a"
shopify-8017970790554,American Bully,breed-cakes,,999.0,,A chic and charismatic treat that embodies the playful charm and distinctive appeal of the French Bu
shopify-7572270252186,Fetchin' Ball Cake,cakes,,650.0,,"Doesn't matter if you're team Rafa, Roger or Novak, you can drive down that tennis-nostalgia lane al"
shopify-8010771955866,Yappy Bowto,mini-cakes,,499.0,,January Bowto Special  A New Year's Treat with Extra Cheer for your furry best friend! Welcome 2024 
shopify-8010772938906,Bowto + Bownie,mini-cakes,,650.0,,Indulge in the Bowto + Bownie Delight  Where Every Bite Brings a Bonus Toy! Treat your furry best fr
shopify-7908747837594,Flower Power Circle,cakes,,749.0,,Bursting with floral notes and a hint of spring to brighten up your dog's day. Select from our nouri
shopify-7977344827546,Paneer & Veggies Meal,fresh-meals,,149.0,,"Fresh Paneer &amp; Veggies  Made to Order, Always A protein-packed vegetarian recipe made to order u"
shopify-7910212534426,TEST,other,,1.0,,Delicious other made with love for your furry friend.
shopify-7953562599578,Assorted Ladoos,desi-treats,,295.0,,Box of 9 Ladoos Get ready to celebrate the festive season with your beloved four-legged friends! The
shopify-7914425254042,Peanut Butter & Coconut,nut-butters,,600.0,,Indulge your furry friend in the lip-smacking goodness of our Peanut Butter &amp; Coconut Flake Dogn
shopify-7914420600986,Cream Cheese & Coconut,other,,600.0,,Delight your furry companion with our Cream Cheese &amp; Coconut Flakes Dognuts! These charming trea
shopify-7909715738778,Desi Doggy Modaks,desi-treats,,249.0,,"Celebrate traditions with your pup!  Our Doggy Modaks are made with soft rice flour, filled with fre"
shopify-7906217984154,Kibble No More!,cakes,,949.0,,Say goodbye to the ordinary with this extraordinary gourmet cake. Select from our nourishing oats or
shopify-7906264023194,Peanut Butter Pizza,fresh-meals,,499.0,,"Introducing our ""Pawsome Peanut Pizza""  a delightful twist on a classic favorite! Each slice of this"
shopify-7906227355802,Personalized Pupper Pizza,fresh-meals,,550.0,,This woof-tastic treat that's customizable for your beloved pup! This delectable pizza comes with tw
shopify-7894960406682,Floral Boney,cakes,,799.0,,"A blossoming blend of edible flowers and herbs, this cake is a bouquet of taste. Select from our nou"
shopify-7295294341274,Dog Birthday Cake Hamper W/ Clip on Barkday Bandana,hampers,,1500.0,,"With yummy cakes and treats, pawdorable goodies, pawfect decorations and a bandana to match this is "
shopify-7854835302554,Banana Chips,treats,,299.0,,Indulge your furry friend with our delectable Dehydrated Banana Chips  a healthy and tasty snack the
shopify-5695291064474,Custom Treat Jar,treats,,700.0,,Delivery within 7-12 days of ordering Treat Jar Filled With Treats! Doggo being lazy with the excite
shopify-7841451114650,Pampered Woof,other,,900.0,,"Discover the joy of The Doggy Bakery's ""Pampered Pup Treat Trove,"" a compact treasure chest brimming"
shopify-7841451049114,Doggo Dad,other,,899.0,,"Celebrate the dog-loving gentleman in your life with the ""Bark &amp; Brew Dog Dad Woof Box."" This pe"
shopify-7838553079962,Coconut Butter,nut-butters,,349.0,,"Introducing The Doggy Bakery's Edible Coconut Butter Spread, a homemade delight that brings both fla"
shopify-7824896884890,Peanut Butter Cookies,nut-butters,,335.0,,Indulge your furry friend with the irresistible taste of our Peanut Butter Coconut Biscuits! Made wi
shopify-7824894558362,Peanut Butter & Chicken,nut-butters,,338.0,,Indulge your furry friend with the irresistible taste of our Peanut Butter Coconut Chicken Biscuits!
shopify-7755704696986,Sniffer Mat,other,,1499.0,,"Ideal for beginners, and dogs who enjoy a breezy challenge. Perfect to slow dogs who eat quick and f"
shopify-7660392054938,Mint & Coconut Fro-Yo,frozen-treats,,500.0,,4 servings of 125ml each Introducing our delicious Coconut and Mint Dog Frozen Yogurt! Made with rea
shopify-7660389007514,Strawberry Fro-Yo,frozen-treats,,550.0,,4 servings of 125ml each Introducing our delicious Strawberry Flavor Dog Frozen Yogurt! Made with re
shopify-7657046376602,Strawberry Cold Jello Bones,frozen-treats,,450.0,,Box of 8 bone-shape pieces Bone-shaped jellos are ideal for ending a pupper frens lomg day. These je
shopify-7657053913242,Pumpkin Cold Jello Bones,frozen-treats,,450.0,,Box of 8 bone-shape pieces Bone-shaped jellos are ideal for ending a pupper frens lomg day. These je
shopify-7657057222810,Crunchy Boney,cakes,,749.0,,This bone-shaped cake is a treat for the eyes and taste buds! It boasts a base with a variety of fla
shopify-7657055518874,Coconut Cold Jello Bones,frozen-treats,,450.0,,Box of 8 bone-shape pieces Bone-shaped jellos are ideal for ending a pupper frens lomg day. These je
shopify-7657033597082,Pawsome 2.0,cakes,,749.0,,It's the ultimate treat for your furry friend's special moments. A cake that's as impressive as a hi
shopify-7640675319962,Hemp Oil,accessories,,350.0,,"Oil is the Way! Hemp Oil is a storehouse of Omegas, Vitamins &amp; Antioxidants. It contains the ide"
shopify-7638238232730,Shih Tzu Smiles,breed-cakes,,749.0,,An adorable replication of the Shih Tzu's charm : That adorable face Net Weight: 500 grams All the r
shopify-7571103678618,Fish & Veggies Meal,fresh-meals,,159.0,,"Fish &amp; Veggies  Omega-Rich, Freshly Cooked for Optimal Health A deliciously clean, protein-balan"
shopify-7440890134682,Custom Clip on Bandana,accessories,,499.0,,"Clip on Bandana, made to stay on perfect for your babys birthday photoshoot! Adjustable straps, will"
shopify-7535448096922,Chu the Bone - Green,other,,350.0,,Chu the Bone Black is a durable dog chew toy made from 100% natural rubber and is gentle and soft on
shopify-7535448752282,Chu the Bone - Pink,other,,595.0,,Chu the Bone Black is a durable dog chew toy made from 100% natural rubber and is gentle and soft on
shopify-7531881791642,Chu the Bone - Black,other,,350.0,,Chu the Bone Black is a durable dog chew toy made from 100% natural rubber and is gentle and soft on
shopify-7512614863002,Smile on - Doggo Toothpaste,accessories,,249.0,,Your dogs teeth are actually very prone to bacterial growth which can lead to infections and nasty d
shopify-7530168582298,Coconut Chips,treats,,255.0,,"The Doggy Bakery Coconut Strips for dogs and cats is good for dog diarrhea, dog constipation, digest"
shopify-7524612997274,Diwali Cracker Cookie Box,desi-treats,,349.0,,"The easiest way to feel Diwali-Ready this festive season! A seasonal box full of Diyas, Chakhris and"
shopify-7512621973658,Calm It - Vetiver Oil,accessories,,499.0,,"100% natural, human-grade virgin unrefined coconut oil with vetiver, known for its grounding, calmin"
shopify-7512620236954,Detangler - Lavender Oil,accessories,,249.0,,"Easily brush through matts &amp; fur with our all organic, chemical free dog hair detangles LAVENDER"
shopify-7512619188378,Flea Buster - Lemon Grass,accessories,,549.0,,"Beginning at the tail and working toward the head, spray your pets coat thoroughly to insure penetra"
shopify-7454443143322,Personalised Bow Name Tag,accessories,,799.0,,A customized engraved dog name tag is a great way to secure your dog with vital contact information 
shopify-7454441373850,Personalised Bone Name Tag,accessories,,799.0,,A customized engraved dog name tag is a great way to secure your dog with vital contact information 
shopify-7448624201882,Pink Bow Collar,accessories,,1499.0,,Genuine waterproofed leather collar. Handmade by Italian artisans with the choice of high quality ma
shopify-7448630067354,Suit Up Collar,accessories,,1499.0,,Genuine waterproofed leather collar. Handmade by Italian artisans with the choice of high quality ma
shopify-7448636522650,Custom Name Engraved Collar,accessories,,1499.0,,Genuine waterproofed leather collar. Handmade by Italian artisans with the choice of high quality ma
shopify-7440887316634,Foodie Bandana,accessories,,499.0,,"Clip on Bandana, made to stay on perfect for your babys birthday photoshoot! Adjustable straps, will"
shopify-7422850171034,Rakhi Celebration Box,hampers,,399.0,,Celebrate the bond with your furry best friend in the most delicious way! Our Coconut &amp; Oat Ladd
shopify-7414576808090,Ms.Doggo Cake,cakes,,650.0,,Elegantly crafted for the refined canine lady with a taste for the finer things. Select from our nou
shopify-7414538076314,Cream Cheese & Beetroot,other,,449.0,,Topped with the goodness beet infused homemade cream cheese this has to be the perfect immune boosti
shopify-7414537912474,Cream Cheese & Spinach,other,,449.0,,Topped with the goodness of spinach infused homemade cream cheese this has to be the perfect immune 
shopify-7414537289882,Cream Cheese & Tumeric,other,,449.0,,Topped with the goodness of tumeric infused homemade cream cheese this has to be the perfect immune 
shopify-7414536732826,Doggo Duo Burgers,fresh-meals,,425.0,,Newly Launched: Burgers For Your Doggo It couldn't get any better. Your dogs can now grab a burger t
shopify-7414536372378,Doggo Pizzas,fresh-meals,,499.0,,"2 Discs in each box It's heavenly! Made with gluten-free flour for the base, and the freshest of veg"
shopify-7412702281882,Grain Free,cakes,,649.0,,Made from Agar Agar and your flavor choice this cake is perfect to celebrate those doggos with grain
shopify-7412692582554,Show Me the Boney,cakes,,699.0,,"A doggo's dream, rich with savory goodness in every slice. Select from our nourishing oats or ragi b"
shopify-7399361151130,Dog Lovers Key Chain,other,,318.0,,Delicious other made with love for your furry friend.
shopify-7399361052826,TDB Key Chain,other,,318.0,,Delicious other made with love for your furry friend.
shopify-7399359709338,Paw Shaped Fridge Magnet,other,,299.0,,Customizable Doggo Fridge Magnet- give us a call and send us a picture if customization needed. Cust
shopify-7399359611034,Doggo Fridge Magnet,other,,318.0,,Customizable Doggo Fridge Magnet- give us a call and send us a picture if customization needed.
shopify-7389796597914,Chicken Liver Jerky,treats,,360.0,,"Made from pure chicken liver these treats are high in proteins, low in calories and full of healthy "
shopify-7389796532378,Pumpkin Strips,treats,,199.0,,Made from Pumpkins grown on our own farm. With no preservatives added or any other ingredients added
shopify-7386893615258,Mini Pupcakes,dognuts,,249.0,,"6 Mini Pieces These Oat based Mini Pupcakes are the perfect add on to any celebration, topped with o"
shopify-7359999279258,Zara's Coconut Cream,cakes,,549.0,,"Sophisticated and chic, this cake is the epitome of canine haute cuisine. Select from our nourishing"
shopify-7360002982042,Ms. Lily,cakes,,650.0,,"Delicate and demure, perfect for the graceful pup with a gentle soul. Select from our nourishing oat"
shopify-7345964515482,Homemade Doggo Peanut Butter,nut-butters,,339.0,,"Scoop, Spread, Love!  Our Homemade Peanut Butter is more than just a treatits a way to bond with you"
shopify-7289341640858,Blue Barkday Bandana,accessories,,549.0,,"Clip on Barkday Bandana, made to stay on perfect for your babys birthday photoshoot! Adjustable stra"
shopify-7289341345946,Pink Barkday Bandana,accessories,,549.0,,"Clip on Barkday Bandana, made to stay on perfect for your babys birthday photoshoot! Adjustable stra"
shopify-7240812429466,Heart & Paw,other,,650.0,,"BOX OF 3 Pupcakes &amp; 6 Cookies For the fluffers that love you so much, there's no better way for "
shopify-7203936665754,Droolin',cakes,,749.0,,Guaranteed to make tails wag and mouths water with its drool-worthy flavors. Select from our nourish
shopify-7173984878746,Mixed Biscuits,treats,,377.0,,Introducing our new Vegetarian and Chicken variety packs! Each pack includes a mix of our most popul
shopify-7098571260058,Jack O Lantern Cake,cakes,,549.0,,A spooktacular Halloween cake for your furry monster!  Topped with homemade yogurt and natural orang
shopify-7094755557530,Spooky Cookies Box,treats,,499.0,,A Halloween treat your pup will go mutts for!  These crunchy cookies are baked with wholesome chicke
shopify-7049825452186,Cake Mix,cakes,,550.0,,"CHOOSE ONE FLAVOUR Comes with Bake Safe Paper mold :) This mouth-drooling cake mix, along with the p"
shopify-6945407467674,Smilo,other,,400.0,,"Be a part of our 'Spread the Smile' initiative! When you add Smilo pupcakes to your order, every pen"
shopify-6924379291802,Roasted Sweet Potato Chips + Fluffachino Drink Mix,treats,,120.0,,Delicious treats made with love for your furry friend.
shopify-6920899657882,Pupper Burger,fresh-meals,,225.0,,Newly Launched: Burgers For Your Doggo It couldn't get any better. Your dogs can now grab a burger t
shopify-6743039639706,Dog Birthday Cake Hamper W/ Feeding Mat,hampers,,1300.0,,"With yummy cakes and treats, pawdorable goodies, pawfect decorations and a feeding mat to match this"
shopify-6847141019802,Honey Pie,cakes,,799.0,,"Sweet as can be, this cake is a treat of pure bliss for your loving companion . Select from our nour"
shopify-6743059824794,Dog Birthday Cake Hamper W/ Bandana,hampers,,1300.0,,"With yummy cakes and treats, pawdorable goodies, pawfect decorations and a bandana to match this is "
shopify-6743061102746,Breed Birthday Cake Hamper W/ Bandana,hampers,,1650.0,,"With yummy cakes and treats, pawdorable goodies, pawfect decorations and a bandana to match this is "
shopify-6728925479066,Breed Cake Party Box,hampers,,1399.0,,"With yummy cakes and treats, pawdorable goodies, pawfect merchandise and everything that you and you"
shopify-6714371014810,Mango Fro-Yo,frozen-treats,,500.0,,Calling all mango loving doggos! Along with the sweet and savoury flavour this yogurt is rich in Fib
shopify-6714365280410,Chicken & Coconut Fro-Yo,frozen-treats,,550.0,,"With real chicken and coconut, this fresh yogurt combination is made in heaven. This is an excellent"
shopify-6714367508634,Apple & Bacon Fro-Yo,frozen-treats,,550.0,,We have the paw-fect blend of real Bacon and Apples which provides the right amount of Vitamin A and
shopify-6714369671322,Banana Fro-Yo,frozen-treats,,500.0,,Banana yogurt is not only a delightful treat for dogs but also a healthy choice. Packed with the goo
shopify-6714372718746,Mango & Chicken Fro-Yo,frozen-treats,,550.0,,This recipe is just as magical as it sounds. Chicken liver is a vitamin-rich protein that's safe for
shopify-5457353539738,Training Treats- Chicken and Cheese Explosion,treats,,377.0,,"Our most popular biscuits are made up of almond flour, chicken stock and oats that are pawfect healt"
shopify-5457452925082,Training Treats- Banana & Oats Crunch,treats,,335.0,,"One of our most popular biscuits made from banana and oats, now in bite size pieces for training! Ne"
shopify-6646665576602,Banana & Oats Crunch,treats,,295.0,,Banana &amp; Oats Cookies  the pawfect healthy snack for your furry friend!  Why youll love them: Ma
shopify-6622536827034,Pug,breed-cakes,,999.0,,"A charming cake that captures the playful and loving essence of the Pug, with flavors as delightful "
shopify-6615296868506,Labrador,breed-cakes,,999.0,,"A friendly and loyal cake, designed to reflect the dependable nature and loving heart of the Labrado"
shopify-6622404018330,German Shepherd,breed-cakes,,999.0,,"A majestic and lifelike tribute to the loyal and courageous breed, baked into a stunning cake. Net W"
shopify-6622476042394,Golden Retriever,breed-cakes,,999.0,,A sunny and sweet cake that's as friendly and dependable as the breed it's named after. Select from 
shopify-6622478434458,Great Dane,breed-cakes,,999.0,,"A grand and impressive creation, embodying the towering grace and gentle nature of the Great Dane. N"
shopify-6622479712410,Grey Husky,breed-cakes,,999.0,,"A cake as robust and hearty as the Husky, perfect for a breed known for its endurance and friendline"
shopify-6622486757530,Indie,breed-cakes,,999.0,,"A tribute to the native intelligence and spirit of the Indie dog, this cake is as delightful and div"
shopify-6622494163098,Irish Setter,breed-cakes,,999.0,,"A rich and radiant cake, reflecting the Irish Setter's vibrant energy and stunning mahogany coat. Ne"
shopify-6622502387866,Italian Greyhound,breed-cakes,,999.0,,"A sleek and graceful confection, embodying the slender elegance and refined poise of the Italian Gre"
shopify-6622505042074,Jack Russel,breed-cakes,,999.0,,"A lively and playful confection, perfectly capturing the energetic spirit and bright-eyed charm of t"
shopify-6622512906394,Maltese,breed-cakes,,999.0,,"As pristine and elegant as the breed, this cake is a luxurious treat for the refined Maltese palates"
shopify-6622520672410,Lhasa Apso,breed-cakes,,999.0,,"An exquisite cake mirroring the elegant, flowing locks and noble demeanor of the Lhasa Apso. Net Wei"
shopify-6622523949210,Pomeranian,breed-cakes,,999.0,,A fluffy and fabulous cake that's as vibrant and spirited as the Pomeranian breed itself. Net Weight
shopify-6622535352474,Poodle,breed-cakes,,999.0,,"Intelligent and stylish, this cake is crafted to mirror the sophisticated nature of the Poodle, comp"
shopify-6622538301594,Rotweiller,breed-cakes,,999.0,,"Bold and strong, this cake is a robust treat worthy of the Rottweiler's powerful presence and loyalt"
shopify-6622539677850,Scottish Terrier,breed-cakes,,999.0,,Round doggo-shaped cake covered with the pawliciously special in-house icing of peanut sauce and cre
shopify-6622540988570,Shih Tzu,breed-cakes,,999.0,,"A cake as regal and adorable as the Shih Tzu, with gourmet flavors fit for canine royalty. Select fr"
shopify-6622542168218,Shnoodle,breed-cakes,,999.0,,"A delightful blend of charm and whimsy, just like the Schnoodle breed, baked into a sweet and playfu"
shopify-6622543806618,St Bernard,breed-cakes,,999.0,,"A gentle giant of a cake, hearty and comforting, just like the St. Bernard's nurturing spirit. Net W"
shopify-6622545215642,Yorkshire Terrier,breed-cakes,,999.0,,"A delicate and luxurious creation, mirroring the fine, silky coat and spirited elegance of the Yorks"
shopify-6622397956250,Dobermann,breed-cakes,,999.0,,"A sleek and powerful cake, much like the breed, offering a taste of loyalty and elegance. Net Weight"
shopify-6622395433114,Dalmation,accessories,,999.0,,"A spot-on celebration in confectionery form, playfully adorned with the signature spots of the spiri"
shopify-6622392811674,Dachshund,breed-cakes,,999.0,,Round doggo-shaped cake covered with the pawliciously special in-house icing of peanut sauce and cre
shopify-6618252083354,Cocker Spaniel,breed-cakes,,999.0,,A sweet and lovingly crafted confection capturing the gentle spirit and floppy-eared charm of the Co
shopify-6617966248090,Chihuahua,breed-cakes,,999.0,,"A tiny yet mighty confection, capturing the Chihuahua's spirited personality and endearing charm in "
shopify-6622589943962,Cavalier King Charles Spaniel,breed-cakes,,999.0,,An elegant and heartwarming treat that beautifully reflects the affectionate and regal nature of the
shopify-6617961529498,Bulldog,breed-cakes,,999.0,,"A cake as robust and endearing as the beloved Bulldog, with a personality to match. Net Weight: 500 "
shopify-6617948160154,English Bulldog,breed-cakes,,999.0,,"A robust and affectionate tribute in cake form, capturing the stout heart and amiable nature of the "
shopify-6617936167066,Black Husky,breed-cakes,,999.0,,"A cake as robust and hearty as the Siberian Husky, perfect for a breed known for its endurance and f"
shopify-6617933447322,Beagle,breed-cakes,,999.0,,An adventurous cake as spirited and lovable as the breed itself. Select from our nourishing oats or 
shopify-6617942818970,Basset Hound,breed-cakes,,999.0,,"A charming and droopy-eyed delight, perfectly encapsulating the laid-back and lovable nature of the "
shopify-6605114409114,Mint & Chicken Cold Jello Bones,frozen-treats,,499.0,,"Box of 8 bone-shape pieces These breath-freshening, frozen treats, made out of mint and chicken stoc"
shopify-6605100843162,Chicken & Parsley Cold Jello Bones,frozen-treats,,475.0,,"Box of 8 bone-shape pieces Wrapped in the goodness of parsley power which includes improved breath, "
shopify-5453404209306,Hooman Cake,cakes,,650.0,,This gingerbread man-cake with chicken-oats/banana-oats base may confuse your woofer whether to eat 
shopify-5456658497690,Dotty,cakes,,749.0,,"A treat no pupper can ever deny! Chimken, and peanut sauce? Gib all of it, Karen! Net Weight: 500 gr"
shopify-5456814473370,Super Star,cakes,,650.0,,"Shine the spotlight on your pup with this star-shaped cake, a tribute to the celebrity in every cani"
shopify-5456630284442,Original Pawsome,cakes,,650.0,,Make every moment with your furry friend unforgettable with our customizable Pawsome Cake. Whether i
shopify-5452775063706,Doggo Cake,cakes,,650.0,,Topped with a thick layer of homemade yoghurt and detailed with rolled oats to create the cutest dog
shopify-5456624681114,Bone Appetit,cakes,,650.0,,"Select from our nourishing oats or ragi bases, and indulge in a symphony of eight scrumptious flavor"
shopify-6121097167002,Valentine's Cookies,treats,,550.0,,"BOX OF 12 For the fluffers that love you so much, there's no better way for returning their pure lov"
shopify-6121096118426,Strawberry Hearty Dognuts,dognuts,,600.0,,"BOX OF 6 What time is it? It is time for some yummy, Our Hearty Dognuts! Made with the best of ingre"
shopify-6121094250650,Heart Nose,other,,650.0,,"Sometimes, a wet boop is all you need to lighten up your mood. With this cake, let your woofer know "
shopify-6077024469146,Super Hero Cookies,treats,,400.0,,"Super Hero Cookies: These cookies are all you need to make your woofer go, Mlem! I can feel the Supe"
shopify-6064524656794,Mutton,other,,350.0,,Delicious other made with love for your furry friend.
shopify-6064521478298,Chicken & Ragi,other,,50.0,,Delicious other made with love for your furry friend.
shopify-6064521281690,Chicken Liver & Ragi,other,,50.0,,Delicious other made with love for your furry friend.
shopify-6064520790170,Chicken Liver & Oats,other,,50.0,,Delicious other made with love for your furry friend.
shopify-6046521229466,Purrfect Mice - Made From Recycled Cotton - Cat Toy,cat-treats,,799.0,,"These little stuffed mice are the purrfect toy for your ball of fur, to play along everytime, withou"
shopify-5971860684954,Fluffachino,other,,350.0,,"This special treat for your pawsome friend is so yummy and nutritious, they won't get enough of it. "
shopify-5562426458266,Purradise Cake,cat-treats,,450.0,,"With the purrfect cream cheese frosting, your cats are going to love you furever, for this perfect t"
shopify-5458998296730,Caviar Cupcakes,cat-treats,,225.0,,Cat-shaped cupcakes can be the most amazing treat for kitties. These chicken/fish kitty cakes come w
shopify-5887707218074,Puppy Banana & Oats,treats,,335.0,,"Puppy Version :- With the best combination of oatmeal, banana and peanuts, your doggo is bound to go"
shopify-5887705251994,Puppy Chicken & Oat,treats,,377.0,,Puppy Version:- All of these rectangle-shaped cookies eaten up by doggies even if they arent hungry.
shopify-5879011737754,Dog Biscuit Combo Pack,treats,,999.0,,"TDB Biscuit Combo Pack  triple the love, triple the crunch!  Whats inside: Pick any 3 flavours of ou"
shopify-5872648814746,Treats Sampler,treats,,799.0,,"Elevate your pup's snacking experience with our ""Ultimate Treat Variety Box."" This delightful assort"
shopify-5872621813914,Bark Side Moon Combo,other,,750.0,,Delicious other made with love for your furry friend.
shopify-5872613621914,The Caped Chewsader Combo,treats,,750.0,,Delicious treats made with love for your furry friend.
shopify-5872610869402,Cattitude Combo,cat-treats,,750.0,,Delicious cat treats made with love for your furry friend.
shopify-5872609198234,Peace Love Rescue Combo,other,,750.0,,Delicious other made with love for your furry friend.
shopify-5870744961178,"Peace, Love & Rescue Combo",other,,750.0,,"This pawfect set saying, ""Peace, Love, Rescue"", is what is needed for all the goodest bois out there"
shopify-5864768209050,Cattitude Coasters,cat-treats,,299.0,,"This cute cattitude coaster, is all you need to remind yourself that your catto does have cattitude,"
shopify-5864766210202,Peace Love Rescue Coasters,accessories,,299.0,,"This cool peace, love, rescue coaster voices out for all our furry friends, in a pawfect way. Materi"
shopify-5864766079130,Caped Chewsader Coasters,accessories,,299.0,,"This groovy coaster shows that youve got to be aware of the cuteness of the Caped Chewsader, otherwi"
shopify-5864765685914,Bark Side Moon Coasters,accessories,,299.0,,"So, are you ready to meet your furry baby on the bark side of the moon? This coaster is sure to do h"
shopify-5864754544794,Peace Love Rescue Feeding Mat,accessories,,350.0,,"This cool feeding mat voices out for all our furry friends, in a pawfect way. Size: 14 X 10 Inches"
shopify-5864753922202,Cattitude Feeding Mat,cat-treats,,350.0,,"This cute cattitude feeding mat, is all you need to remind yourself that your catto does have cattit"
shopify-5864753692826,Caped Chewsader Feeding Mat,accessories,,350.0,,"This groovy feeding mat shows that youve got to be aware of the cuteness of the Caped Chewsader, oth"
shopify-5864750612634,Bark Side Moon Feeding Mat,accessories,,350.0,,"So, are you ready to meet your furry baby on the bark side of the moon? This feeding mat is sure to "
shopify-5864698314906,Cattitude Coffee Mug,cat-treats,,250.0,,"This cute cattitude coaster, is all you need to remind yourself that your catto does have cattitude,"
shopify-5864693858458,Peace Love Rescue Coffee Mug,merchandise,,350.0,,"This cool mug voices out for all our furry friends, in a pawfect way."
shopify-5562978205850,"Apple, Honey and Oat Hearts",treats,,335.0,,"Baked with real apples, natural honey, and whole oats , these heart-shaped biscuits are a wholesome,"
shopify-5846743482522,Basset Hound Coffee Mug,merchandise,,350.0,,Morning coffee seems plain and boring? This mug will make sure that you have the first sip of your c
shopify-5846739222682,Boxer Coffee Mug,merchandise,,350.0,,Morning coffee seems plain and boring? This mug will make sure that you have the first sip of your c
shopify-5846737354906,Bulldog Coffee Mug,merchandise,,350.0,,Morning coffee seems plain and boring? This mug will make sure that you have the first sip of your c
shopify-5846714613914,Lhasa Apso Coffee Mug,merchandise,,350.0,,Morning coffee seems plain and boring? This mug will make sure that you have the first sip of your c
shopify-5846697541786,Scottish Terrier Coffee Mug,merchandise,,350.0,,Morning coffee seems plain and boring? This mug will make sure that you have the first sip of your c
shopify-5844859551898,Basset Hound Feeding Mat,accessories,,350.0,,"Doggo gets excited while gobbling treats and spills food everywhere? Don't worry, we've got this for"
shopify-5844857028762,Beagle Feeding Mat,accessories,,350.0,,"Doggo gets excited while gobbling treats and spills food everywhere? Don't worry, we've got this for"
shopify-5844853555354,Black Husky Feeding Mat,accessories,,350.0,,"Doggo gets excited while gobbling treats and spills food everywhere? Don't worry, we've got this for"
shopify-5844851556506,Cavalier King Charles Spaniel Feeding Mat,accessories,,350.0,,"Doggo gets excited while gobbling treats and spills food everywhere? Don't worry, we've got this for"
shopify-5844848148634,Bulldog Feeding Mat,accessories,,350.0,,"Doggo gets excited while gobbling treats and spills food everywhere? Don't worry, we've got this for"
shopify-5844844937370,Boxer Feeding Mat,accessories,,350.0,,"Doggo gets excited while gobbling treats and spills food everywhere? Don't worry, we've got this for"
shopify-5844840054938,Chihuahua Feeding Mat,accessories,,350.0,,"Doggo gets excited while gobbling treats and spills food everywhere? Don't worry, we've got this for"
shopify-5844836581530,Cocker Spaniel Feeding Mat,accessories,,350.0,,"Doggo gets excited while gobbling treats and spills food everywhere? Don't worry, we've got this for"
shopify-5844834746522,Dachshund Feeding Mat,accessories,,350.0,,"Doggo gets excited while gobbling treats and spills food everywhere? Don't worry, we've got this for"
shopify-5844832092314,Shnoodle Feeding Mat,accessories,,350.0,,"Doggo gets excited while gobbling treats and spills food everywhere? Don't worry, we've got this for"
shopify-5844827668634,Dalmation Feeding Mat,accessories,,350.0,,"Doggo gets excited while gobbling treats and spills food everywhere? Don't worry, we've got this for"
shopify-5844825505946,Golden Retriever Feeding Mat,accessories,,350.0,,"Doggo gets excited while gobbling treats and spills food everywhere? Don't worry, we've got this for"
shopify-5844823638170,Great Dane Feeding Mat,accessories,,350.0,,"Doggo gets excited while gobbling treats and spills food everywhere? Don't worry, we've got this for"
shopify-5844821475482,Husky Feeding Mat,accessories,,350.0,,"Doggo gets excited while gobbling treats and spills food everywhere? Don't worry, we've got this for"
shopify-5844819443866,Indie Feeding Mat,accessories,,350.0,,"Doggo gets excited while gobbling treats and spills food everywhere? Don't worry, we've got this for"
shopify-5844809711770,Irish Setter Feeding Mat,accessories,,350.0,,"Doggo gets excited while gobbling treats and spills food everywhere? Don't worry, we've got this for"
shopify-5844807188634,Jack Russel Feeding Mat,accessories,,350.0,,"Doggo gets excited while gobbling treats and spills food everywhere? Don't worry, we've got this for"
shopify-5844795949210,Labrador Feeding Mat,accessories,,350.0,,"Doggo gets excited while gobbling treats and spills food everywhere? Don't worry, we've got this for"
shopify-5844793458842,Italian Greyhound Feeding Mat,accessories,,350.0,,"Doggo gets excited while gobbling treats and spills food everywhere? Don't worry, we've got this for"
shopify-5844791296154,St Bernard Feeding Mat,accessories,,350.0,,"Doggo gets excited while gobbling treats and spills food everywhere? Don't worry, we've got this for"
shopify-5844788510874,Lhasa Apso Feeding Mat,accessories,,350.0,,"Doggo gets excited while gobbling treats and spills food everywhere? Don't worry, we've got this for"
shopify-5844785791130,Maltese Feeding Mat,accessories,,350.0,,"Doggo gets excited while gobbling treats and spills food everywhere? Don't worry, we've got this for"
shopify-5844783464602,Pitbull Feeding Mat,accessories,,350.0,,"Doggo gets excited while gobbling treats and spills food everywhere? Don't worry, we've got this for"
shopify-5844781727898,Pomeranian Feeding Mat,accessories,,350.0,,"Doggo gets excited while gobbling treats and spills food everywhere? Don't worry, we've got this for"
shopify-5844778680474,Poodle Feeding Mat,accessories,,350.0,,"Doggo gets excited while gobbling treats and spills food everywhere? Don't worry, we've got this for"
shopify-5844776943770,Pug Feeding Mat,accessories,,350.0,,"Doggo gets excited while gobbling treats and spills food everywhere? Don't worry, we've got this for"
shopify-5844775075994,Rotweiller Feeding Mat,accessories,,350.0,,"Doggo gets excited while gobbling treats and spills food everywhere? Don't worry, we've got this for"
shopify-5844772389018,Scottish Terrier Feeding Mat,accessories,,350.0,,"Doggo gets excited while gobbling treats and spills food everywhere? Don't worry, we've got this for"
shopify-5844770357402,Shihtzu Feeding Mat,accessories,,350.0,,"Doggo gets excited while gobbling treats and spills food everywhere? Don't worry, we've got this for"
shopify-5844323532954,Yorkshire Terrier Feeding Mat (Set of Two),accessories,,350.0,,"Doggo gets excited while gobbling treats and spills food everywhere? Don't worry, we've got this for"
shopify-5844321304730,Maltese Feeding Mat,accessories,,350.0,,"Doggo gets excited while gobbling treats and spills food everywhere? Don't worry, we've got this for"
shopify-5837936328858,Cheesey Straws,treats,,335.0,,Indulge your furry friend in the savory goodness of our Cheese and Chicken dog treats! Made with a b
shopify-5826718236826,Good Dog Coasters,accessories,,299.0,,"Be it your morning cup of tea, or coffee to keep you up at night, these pawdorable coasters is exact"
shopify-5826712404122,Happiness Coasters,accessories,,299.0,,"Be it your morning cup of tea, or coffee to keep you up at night, these pawdorable coasters is exact"
shopify-5794887303322,Meow Jerky,cat-treats,,400.0,,"These gummy treats made from chicken, will make your cat go, Karen, how did you manage to find this "
shopify-5753288261786,Party Box (Add On),hampers,,399.0,,Delicious hampers made with love for your furry friend.
shopify-5741622493338,Custom Breed Coasters,accessories,,299.0,,"Be it your morning cup of tea, or coffee to keep you up at night, these pawdorable coasters with the"
shopify-5700231725210,Feeding Mat,accessories,,350.0,,"Doggo gets excited while gobbling treats and spills food everywhere? Don't worry, we've got this for"
shopify-5685754331290,Apple Paw,other,,550.0,,"This mouth-drooling, yummy apple paw, made up of apple, oats and cinnamon, will make your pet go, Ml"
shopify-5640011579546,Coffee Mug,merchandise,,250.0,,Morning coffee seems plain and boring? This mug will make sure that you have the first sip of your c
shopify-5562993377434,Chicken Jerky,treats,,420.0,,Our best-selling treat and a total chimken classic! Made with 100% real chicken and gently dried wit
shopify-5562450444442,Banana Cold Jello Bones,frozen-treats,,499.0,,"Box of 8 bone-shape pieces Karen, dont leab any of those! Gib all!, is what your doggo will say afte"
shopify-5560385142938,Veggie and Oat,treats,,335.0,,"Indulge your furry friend with our all-natural Carrot, Sweet Potato &amp; Pumpkin Biscuits! Made wit"
shopify-5458817450138,Calico Cake,cat-treats,,350.0,,"Your kitty wants to eat a cake that looks just like her. The cake has the goodness of tuna/chicken, "
shopify-5457897324698,Apple Cinnamon Cold Jello Bones,frozen-treats,,499.0,,"Box of 8 bone-shape pieces To let doggo taste pure apple flavor, these bone-shaped apple gummies are"
shopify-5457892769946,Chicken Broth Jello Bones,frozen-treats,,499.0,,Box of 8 bone-shape pieces Bone-shaped jellos are ideal for ending a pupper frens lomg day. These je
shopify-5457524981914,Berry Chicken Hearts,treats,,377.0,,"A flavour-packed crunchy treat made with real chicken bits, fresh strawberries, ragi, and oat flour "
shopify-5457494147226,Cheesy Chicken Explosion,treats,,338.14,,"Made with real cheddar cheese, chicken bits, egg, and oats , these heart-shaped biscuits are a rich,"
shopify-5457116889242,Pawncakes,cakes,,550.0,,"Doggo wants to try something different? These pancakes made up of oatmeal, eggs, and buttermilk are "
shopify-5456993222810,Woofles,other,,550.0,,"Your doggo might end up making woofles its favourite treat because of bananas, oatmeal, and peanut b"
shopify-5456989651098,Pupperoni Pizza,fresh-meals,,550.0,,"Oatmeal, pumpkin sauce, cheddar cheese, and chicken/cheese toppings make this pizza a yum-yum for th"
shopify-5456955441306,Banana Bliss,dognuts,,450.0,,"Delight in our Banana Bliss Pupcake, where creamy banana topping meets a wholesome oat base. Choose "
shopify-8746585850010,Made-For-Your-Pup Box,other,,499.0,,"A fully custom treat box, made exactly the way your dog likes it. Whats inside:  1 Pupcake  choose y"
travel-crate-small,IATA Approved Travel Crate - Small,travel,,3499.0,,Airline-approved crate perfect for small dogs up to 8kg. Ventilated design with secure locks.
travel-crate-medium,IATA Approved Travel Crate - Medium,travel,,4999.0,,"Airline-approved crate for medium dogs 8-20kg. Durable, easy to clean."
travel-crate-large,IATA Approved Travel Crate - Large,travel,,6999.0,,Heavy-duty airline crate for large dogs 20-32kg. Extra ventilation and sturdy construction.
travel-harness,Premium Car Safety Harness,travel,,1299.0,,Crash-tested car harness for safe road travel. Adjustable fit for all sizes.
travel-carrier-soft,Soft Sided Pet Carrier,travel,,1999.0,,"Lightweight, foldable carrier for train/cab travel. Multiple mesh windows for ventilation."
travel-calming-treats,Calming Travel Treats,travel,,599.0,,Natural calming treats with chamomile & L-theanine. Perfect for anxious travelers.
travel-9a442c54,Portable Pet Water Bottle,travel-accessories,,449.0,,"350ml water bottle with attached bowl dispenser. One-hand operation, leak-proof. Perfect for walks a"
travel-first-aid,Pet Travel First Aid Kit,travel,,899.0,,"Compact first aid kit for travel emergencies. Includes bandages, antiseptic, and essentials."
travel-blanket,Travel Comfort Blanket,travel,,699.0,,"Plush, washable blanket for familiar comfort during travel. Reduces anxiety."
travel-id-tag,GPS Smart ID Tag,travel,,1499.0,,QR-enabled smart tag with GPS tracking. Peace of mind during travel.
care-grooming-brush,Premium Deshedding Brush,care,,899.0,,Professional-grade brush that removes loose fur and reduces shedding by up to 90%.
care-nail-clipper,Safety Nail Clipper Set,care,,499.0,,Professional nail clippers with safety guard. Includes nail file.
care-shampoo-sensitive,Gentle Oatmeal Shampoo,care,,449.0,,Hypoallergenic shampoo for sensitive skin. Soothes itching and moisturizes.
care-ear-cleaner,Ear Cleaning Solution,care,,349.0,,Gentle ear cleaner that prevents infections. Vet-recommended formula.
care-leash-reflective,Reflective Safety Leash,care,,599.0,,High-visibility leash with reflective stitching for safe night walks.
care-harness-nopu,No-Pull Comfort Harness,care,,1299.0,,Ergonomic harness that discourages pulling. Padded for comfort.
care-poop-bags,Biodegradable Poop Bags (120 count),care,,299.0,,Eco-friendly waste bags. Extra thick and leak-proof.
care-training-treats,Training Treat Pouch with Treats,care,,549.0,,Convenient treat pouch with 200g of bite-sized training treats.
care-clicker,Professional Training Clicker,care,,199.0,,Consistent click sound for positive reinforcement training.
care-calming-spray,Calming Pheromone Spray,care,,699.0,,"Reduces anxiety and stress. Perfect for grooming, vet visits, or travel."
care-dental-kit,Complete Dental Care Kit,care,,599.0,,"Toothbrush, finger brush, and enzymatic toothpaste for fresh breath."
care-first-aid,Pet First Aid Kit,care,,999.0,,"Complete emergency kit: bandages, antiseptic, tweezers, and guide."
dine-travel-bowl,Portable Travel Bowl Set,dine,,449.0,,Collapsible silicone bowls for water and food. Perfect for restaurant visits and travel.
dine-placemat,Pet Dining Placemat,dine,,349.0,,"Waterproof, non-slip placemat for mess-free restaurant dining. Folds compact."
dine-water-bottle,Pet Water Bottle with Bowl,dine,,599.0,,Leak-proof water bottle with attached bowl. One-handed operation for outdoor cafes.
dine-treat-pouch,Restaurant Treat Pouch,dine,,399.0,,Magnetic closure treat pouch for caf visits. Keeps treats fresh and accessible.
dine-calming-spray,Dine-Time Calming Spray,dine,,549.0,,Natural pheromone spray to keep pets calm during restaurant visits. Travel-size.
dine-bandana,Caf Ready Bandana,dine,,299.0,,Stylish bandana with 'Dining Out' message. Reversible with two patterns.
dine-pup-cup,Reusable Pup Cup,dine,,249.0,,Eco-friendly reusable cup for puppuccinos and pet drinks at cafes.
dine-portable-mat,Outdoor Dining Mat,dine,,899.0,,Comfortable padded mat for your pet at outdoor cafes. Waterproof and insulated.
dine-cooling-vest,Caf Cooling Vest,dine,,1299.0,,Lightweight cooling vest for summer cafe visits. Keeps your pet comfortable in the heat.
dine-etiquette-guide,Pet Caf Etiquette Guide,dine,,199.0,,Digital guide with tips for dining out with pets. Includes training commands.
dine-fresh-breath,Fresh Breath Dental Chews,dine,,349.0,,Post-meal dental chews for fresh breath after restaurant visits. Pack of 10.
dine-photo-props,Caf Photo Props Kit,dine,,399.0,,"Fun props for cute caf photos: mini sunglasses, bow ties, and cute signs."
seed-celebrate-ffe651ae,Custom Birthday Cake,cakes,,899.0,,Personalized birthday cake for your furry friend
seed-celebrate-147a7e9e,Paw-ty Pack Deluxe,hampers,,1499.0,,"Complete birthday party kit with cake, treats & decorations"
seed-celebrate-6e4941de,Gotcha Day Celebration Box,hampers,,1299.0,,Celebrate your rescue pet's adoption anniversary
seed-celebrate-e4df211f,Puppy First Birthday Bundle,hampers,,1699.0,,Special first birthday celebration kit
seed-celebrate-f7f256e5,Senior Dog Birthday Treats,treats,,599.0,,"Soft, senior-friendly birthday treats"
seed-celebrate-b3d9cea4,Breed-Specific Cake - Labrador,breed-cakes,,1099.0,,Labrador-shaped celebration cake
seed-celebrate-18861963,Breed-Specific Cake - Golden Retriever,breed-cakes,,1099.0,,Golden Retriever-shaped celebration cake
seed-celebrate-ad32daa1,Breed-Specific Cake - German Shepherd,breed-cakes,,1099.0,,German Shepherd-shaped celebration cake
seed-celebrate-6bd7fe4b,Mini Pupcake Box (6 Pcs),mini-cakes,,449.0,,Box of 6 mini celebration cupcakes
seed-celebrate-aa0d7ed9,Celebration Bandana Set,accessories,,349.0,,Birthday-themed bandana collection
seed-dine-609a7d1a,Fresh Chicken & Rice Bowl,fresh-meals,,199.0,,"Premium chicken meal packed with protein for strong muscles. Made with human-grade chicken, fresh ve"
seed-dine-77cbe5bc,Lamb & Sweet Potato Meal,fresh-meals,,249.0,,Tender lamb meal - gentle on sensitive tummies. Lean protein with digestive-friendly ingredients. Gr
seed-dine-b47356d2,Fish & Veggie Delight,fresh-meals,,229.0,,Omega-rich fish meal for a shiny coat and healthy skin. Wild-caught fish with antioxidant-packed veg
meal-1303dee9,Puppy Growth Formula,fresh-meals,,379.0,,"Chicken, rice, eggs, and vegetables specially formulated for growing puppies. DHA for brain developm"
seed-dine-f8f89eb5,Senior Wellness Meal,fresh-meals,,259.0,,"Premium chicken meal packed with protein for strong muscles. Made with human-grade chicken, fresh ve"
seed-dine-803906ac,Weight Management Bowl,fresh-meals,,219.0,,"Premium chicken meal packed with protein for strong muscles. Made with human-grade chicken, fresh ve"
seed-dine-6c6daa53,Grain-Free Turkey Feast,fresh-meals,,269.0,,"Premium chicken meal packed with protein for strong muscles. Made with human-grade chicken, fresh ve"
seed-dine-2dd6cdae,Weekly Meal Subscription (7 Meals),fresh-meals,,1399.0,,"Premium chicken meal packed with protein for strong muscles. Made with human-grade chicken, fresh ve"
seed-dine-674b4de3,Monthly Meal Plan (30 Meals),fresh-meals,,4999.0,,"Premium chicken meal packed with protein for strong muscles. Made with human-grade chicken, fresh ve"
seed-dine-db23030e,Slow Feeder Bowl,accessories,,599.0,,Anti-gulp bowl for healthier eating
seed-stay-40a736ce,Standard Boarding - 1 Night,boarding,,999.0,,Comfortable overnight stay with meals
seed-stay-25beac5b,Premium Suite - 1 Night,boarding,,1499.0,,Luxury suite with AC and webcam access
seed-stay-b4d82068,Daycare Pass - Single Day,daycare,,599.0,,Full day of play and supervision
seed-stay-e053f179,Daycare Pack - 10 Days,daycare,,4999.0,,10-day daycare pass with 2 bonus days
seed-stay-b06d0e4e,Home Boarding Service,boarding,,1299.0,,Stay with a certified pet host
seed-stay-35e67a6c,Puppy Daycare (under 1 Year),daycare,,699.0,,Specialized care for young puppies
seed-stay-f621ab50,Senior Dog Stay,boarding,,1199.0,,Gentle care for senior pets
seed-stay-5cc83de6,Medical Boarding,boarding,,1799.0,,Boarding with medication administration
seed-stay-96811e4b,Holiday Pet Sitting,boarding,,1599.0,,In-home pet sitting during holidays
seed-stay-c60487d8,Airport Pickup & Drop,services,,799.0,,Pet transport to/from airport
seed-travel-fd75d1e0,Pet Carrier - Cabin Approved,travel-gear,,2499.0,,Airline-approved cabin carrier
seed-travel-b51a166a,Travel Water Bottle,travel-gear,,449.0,,Portable water bottle with bowl
seed-travel-958a0abf,Car Safety Harness,travel-gear,,899.0,,Crash-tested car safety harness
seed-travel-c7d23da5,Collapsible Travel Bowl Set,travel-gear,,349.0,,Space-saving food & water bowls
seed-travel-40126710,Pet Passport Service,services,,2999.0,,Complete pet travel documentation
seed-travel-c9c0c605,International Flight Assistance,services,,9999.0,,End-to-end international travel support
seed-travel-48f44771,Pet-Friendly Hotel Booking,services,,499.0,,We find the perfect pet-friendly stay
seed-travel-ace56810,Travel First Aid Kit,travel-gear,,799.0,,Emergency kit for traveling pets
seed-travel-3c556e9f,Anxiety Relief Travel Kit,travel-gear,,699.0,,Calming aids for travel stress
seed-travel-baafd0d8,GPS Pet Tracker,travel-gear,,3999.0,,Real-time location tracking device
seed-care-c87e3042,Full Grooming Session,grooming,,999.0,,"Bath, haircut, nail trim, ear cleaning"
seed-care-7ba7eb73,Spa Day Package,grooming,,1499.0,,Grooming + massage + aromatherapy
seed-care-ee82dfd6,Puppy First Groom,grooming,,699.0,,Gentle introduction to grooming
seed-care-d2fdb410,De-shedding Treatment,grooming,,899.0,,Professional de-shedding service
seed-care-657470c4,Dental Cleaning Kit,health,,599.0,,Complete dental care set
seed-care-3e3213a3,Flea & Tick Prevention Pack,health,,799.0,,3-month protection pack
seed-care-c9ee4699,Joint Support Supplements,health,,899.0,,Glucosamine & chondroitin formula
seed-care-acd7d9dc,Skin & Coat Supplements,health,,699.0,,Omega-rich formula for shiny coat
seed-care-3421b3a8,Vet Video Consultation,health,,499.0,,Online vet consultation
seed-care-dcd2e84f,Annual Health Checkup Package,health,,2499.0,,Comprehensive annual health screening
seed-enjoy-d0914f69,Interactive Puzzle Toy,toys,,699.0,,Mental stimulation puzzle game
seed-enjoy-b729fe10,Squeaky Plush Collection (3 Pcs),toys,,599.0,,Soft squeaky toys bundle
seed-enjoy-7d5ec9ff,Durable Chew Toy Set,toys,,799.0,,Long-lasting chew toys for aggressive chewers
seed-enjoy-cbcf3634,Fetch Ball Launcher,toys,,1299.0,,Automatic ball launcher for endless fetch
seed-enjoy-34042c98,Tug Rope Toy - Large,toys,,449.0,,Heavy-duty rope for tug-of-war
seed-enjoy-afc493d1,Snuffle Mat,toys,,899.0,,Enrichment mat for mental stimulation
seed-enjoy-6ae57d9a,Kong Classic - Large,toys,,699.0,,Durable treat-dispensing toy
seed-enjoy-d9d90d45,Dog Park Playdate Booking,services,,399.0,,Organized playdate at local park
seed-enjoy-dd8937e5,Swimming Pool Session,services,,799.0,,Supervised pool time for dogs
seed-enjoy-53d38976,Agility Course Access,services,,599.0,,Access to agility training course
seed-fit-9fbbea2b,Personal Training Session,training,,999.0,,One-on-one fitness training
seed-fit-6e3038cf,Weight Loss Program (4 Weeks),programs,,3999.0,,Structured weight management program
seed-fit-ce084921,Puppy Fitness Starter,programs,,2499.0,,Age-appropriate exercise program
seed-fit-cee46735,Senior Mobility Program,programs,,2999.0,,Gentle exercises for older dogs
seed-fit-bfc542fb,Canine Treadmill Session,training,,599.0,,Supervised treadmill workout
seed-fit-92c2a48f,Swimming Fitness Class,training,,799.0,,Low-impact aqua fitness
seed-fit-0f7980a3,Agility Training Course,programs,,4999.0,,8-week agility training program
seed-fit-e8a3ef8d,Fitness Assessment,services,,699.0,,Complete fitness evaluation
seed-fit-dc3c3a43,Monthly Fitness Subscription,programs,,2999.0,,Unlimited fitness sessions
seed-fit-a62e3b62,Dog Yoga (Doga) Session,training,,599.0,,Relaxing yoga with your dog
seed-learn-cfae5ca5,Basic Obedience Course,training,,4999.0,,Essential commands & manners
seed-learn-bb2c3631,Puppy Kindergarten (8 Weeks),training,,5999.0,,Foundation training for puppies
seed-learn-02b0a368,Advanced Training Program,training,,7999.0,,Complex commands & tricks
