name,pillar,category,description,mira_whisper
Fitness Assessment & Programme Design,fit,assessment,"Comprehensive fitness evaluation including body condition scoring, mobility assessment, and personal",Customized fitness plan for optimal health
Personal Training Programme - 8 Weeks,learn,training,One-on-one training sessions with a certified canine fitness trainer. Includes home exercises and we,Professional training to build confidence and good behavior
Weight Management Programme,fit,weight,"Structured weight loss or gain programme with nutrition planning, exercise routines, and regular wei",Keep your companion healthy and active
Hydrotherapy Sessions,fit,therapy,"Water-based therapy sessions for rehabilitation, fitness, or senior mobility. Supervised by trained ",Therapeutic exercise for recovery and mobility
Senior Mobility Programme,fit,senior,"Gentle exercise programme designed for senior dogs. Focus on maintaining mobility, joint health, and",Keep your companion healthy and active
Puppy Development Programme,fit,puppy,Age-appropriate fitness activities for puppies. Build healthy exercise habits and proper physical de,Foundation training for lifelong good behavior
Agility Foundation Course,fit,agility,"Introduction to agility training. Learn basic obstacles, commands, and course navigation in a fun en",Fun exercise that strengthens your bond
Canine Yoga (Doga) Session,care,wellness,"Relaxing yoga session with your dog. Great for bonding, flexibility, and stress relief for both pet ",Professional care for your companion
Birthday Party Planning,celebrate,party,Complete party coordination,Make their special day unforgettable
Gotcha Day Celebration,celebrate,gotcha,Celebrate the day you found each other,Celebrate the day your family became complete
Surprise Delivery Service,celebrate,surprise,Send surprise treats and gifts to any pet parent! We deliver joy anywhere.,Make special moments memorable
Stay Concierge,stay,,Find perfect pet-friendly accommodation,"Safe, comfortable stay for your pet"
Premium Boarding Setup,stay,,Custom boarding arrangement,"A safe, loving home away from home"
Travel Planning,travel,,Complete travel coordination,Stress-free journeys for your companion
Pet Relocation,travel,,Complete relocation service for city or international moves,Stress-free relocation for your companion
Nutrition Consultation,advisory,,Expert diet planning,Personalized diet plan for optimal health
Custom Meal Planning,dine,,Personalized meal plans,Curated for your companion
Emergency Care Coordination,emergency,,24/7 emergency support,Expert help when you need it most
Fitness Assessment,fit,assessment,Complete fitness evaluation,Customized fitness plan for optimal health
Personal Training Program,learn,,8-week fitness journey,Professional training to build confidence and good behavior
Behavior Consultation,learn,,Expert assessment and plan for behavior issues,Understand and address your dog's unique behaviors
Adventure Day Planning,advisory,,Custom adventure experience,Expert guidance for pet parents
Playdate Coordination,enjoy,,Group play sessions,Curated for your companion
Mobile Grooming,care,,Grooming at your doorstep,"Professional grooming for a healthy, beautiful coat"
Pet Matching Service,adopt,,Find your perfect pet match based on lifestyle,Find the perfect companion for your lifestyle
New Pet Support,adopt,,30-day transition support,Find your perfect companion
Memorial Service,farewell,,Beautiful ceremony to celebrate their life,Honor the love you shared together
Pet Loss Support,farewell,,Counseling support during difficult times,We're here for you during this difficult time
VIP Restaurant Reservations,dine,,Priority booking at pet-friendly restaurants,Curated for your companion
Gourmet Picnic Setup,dine,,Complete pet-friendly picnic arrangement,Curated for your companion
Insurance Consultation,advisory,,Find the right coverage,Expert guidance for your companion's needs
Claims Assistance,insure,,Help with insurance claims,Curated for your companion
Pet Styling Consultation,advisory,,Product recommendations,Expert guidance for your companion's needs
Chef's Table Experience,dine,,Private chef dining at pet-friendly restaurants,Curated for your companion
Private Home Dining,dine,,Chef comes to your home with pet-safe menu,Curated for your companion
Pet Party Catering,celebrate,,Catering for pet birthdays & events,Celebrate with your furry friend
Fresh Meal Subscription,dine,,Weekly fresh pet meals delivered,Curated for your companion
Group Dining Events,enjoy,,Organize pet parent meetups,Curated for your companion
Premium Grooming Session,care,grooming,"Full grooming service including bath, haircut, nail trim, and ear cleaning.","Professional grooming for a healthy, beautiful coat"
Vet Consultation at Home,care,vet,Licensed veterinarian visits your home for check-ups and consultations.,Professional health care and prevention
Pet Sitting (Daily),care,sitting,Professional pet sitter cares for your pet at your home.,Personalized care in familiar surroundings
Pet-Friendly Venue Booking,celebrate,venue,We find and book the perfect pet-friendly venue for your celebration.,Make special moments memorable
Professional Training Clicker,learn,care,High-quality clicker for positive reinforcement training.,Professional training to build confidence and good behavior
Pet Café Visit,enjoy,experiences,Pet-friendly café experience with treats,Curated for your companion
Doggy Brunch Reservation,enjoy,experiences,Weekend brunch at pet-friendly restaurant,Curated for your companion
Home Chef Pet Meal,dine,meals,Fresh home-cooked meal for your pet,Curated for your companion
Gourmet Pet Platter,dine,meals,Premium selection of pet-safe treats,Curated for your companion
Pet Hotel Standard Room,stay,boarding,Comfortable overnight stay for your pet,"Safe, comfortable stay for your pet"
Luxury Pet Suite,stay,boarding,Premium suite with extra amenities,"Safe, comfortable stay for your pet"
Doggy Daycare Pass,stay,daycare,Full day supervised play and care,Supervised play and socialization
Pet Passport Service,paperwork,services,Complete documentation for international travel,All papers in order for worry-free travel
Pet Transport Service,travel,services,Door-to-door pet transportation,Stress-free travel solutions
Dog Park Meetup Pass,enjoy,events,Access to exclusive dog park events,Curated for your companion
Pet Photography Session,celebrate,experiences,Professional pet photoshoot,Capture beautiful memories together
Doggy Swimming Session,enjoy,activities,Supervised pool time for dogs,Low-impact exercise that dogs love
Dog Running Session,fit,fitness,Professional dog running service,Keep your companion healthy and active
Canine Yoga Class,learn,classes,Yoga session with your dog,Expert training and guidance
Weight Management Program,fit,weight,3-month fitness & diet program,Keep your companion healthy and active
Agility Training Session,learn,training,Obstacle course training,Professional training to build confidence and good behavior
Behaviour Assessment,learn,consultations,Professional behaviour evaluation,Expert training and guidance
Pet Life Planning,advisory,planning,Comprehensive pet care roadmap,Expert guidance for pet parents
Senior Pet Care Plan,advisory,planning,Specialized care for aging pets,Expert guidance for pet parents
Pet Insurance Assistance,insure,services,Help with insurance paperwork,Find the right coverage for your companion
Registration Service,paperwork,services,Pet registration and licensing,Hassle-free compliance with local regulations
Health Certificate,care,certificates,Official health documentation,Professional health monitoring and care
Microchip Registration,paperwork,documentation,Microchip and database registration,Hassle-free compliance with local regulations
Pet Will & Trust Setup,paperwork,legal,Legal pet care documentation,Simplify pet documentation
Emergency Transport Service,travel,emergency,Priority pet ambulance service,Expert help when you need it most
Lost Pet Recovery Plan,emergency,services,GPS tracking and recovery service,Help when you need it most
Emergency Fund Setup,emergency,financial,Pet emergency savings plan setup,Expert help when you need it most
Adoption Counselling,adopt,services,Expert guidance for pet adoption,Find your perfect companion match
Home Assessment Service,fit,services,Pet-proofing home consultation,Keep your companion healthy and active
Puppy Picnic Set,enjoy,experiences,Complete picnic setup for you and your pet,Foundation training for lifelong good behavior
Pet Food Tasting Session,enjoy,experiences,Sample premium pet foods,Curated for your companion
Pet Chef Consultation,advisory,consultations,One-on-one with pet nutrition chef,Expert guidance for your companion's needs
Doggy Ice Cream Party,celebrate,events,Ice cream party for pets,Celebrate with your furry friend
Pet Bakery Tour,enjoy,experiences,Behind the scenes at pet bakery,Curated for your companion
Weekly Meal Prep Service,dine,services,Fresh meals prepared weekly,Curated for your companion
Pet Wine & Dine Night,enjoy,experiences,Luxury dining experience,Curated for your companion
Pet Nutrition Workshop,learn,classes,Learn about pet nutrition,Personalized diet plan for optimal health
Cat Condo Rental,stay,boarding,Private cat accommodation,"Safe, comfortable stay for your pet"
VIP Pet Penthouse,stay,boarding,Top-floor luxury suite,"Safe, comfortable stay for your pet"
Home Pet Sitting,care,services,In-home pet care service,Personalized care in familiar surroundings
Overnight Pet Nanny,care,services,24-hour in-home care,Professional care for your companion
Pet Vacation Resort,stay,boarding,Resort-style boarding,"Safe, comfortable stay for your pet"
Senior Pet Care Room,stay,boarding,Specialized senior pet boarding,"Safe, comfortable stay for your pet"
Puppy Kindergarten Stay,stay,boarding,Socialization-focused boarding,Foundation training for lifelong good behavior
Pet Hotel Pool Access,stay,amenities,Swimming pool day pass,"Safe, comfortable stay for your pet"
Extended Stay Discount,stay,packages,30-day boarding package,"Safe, comfortable stay for your pet"
Special Needs Boarding,stay,boarding,Medical care included,"A safe, loving home away from home"
Holiday Pet Hotel,stay,boarding,Festive themed stays,"Safe, comfortable stay for your pet"
Pet Playgroup Session,enjoy,activities,Supervised group play,Curated for your companion
Pet Travel Insurance,travel,insurance,Comprehensive coverage,Stress-free journeys for your companion
Airline Pet Booking,travel,services,Flight booking assistance,Stress-free travel solutions
Pet Hotel Finder,stay,services,Find pet-friendly stays,"Safe, comfortable stay for your pet"
International Vet Check,care,services,Travel health certificate,Professional health care and prevention
Pet Relocation Service,travel,relocation,Complete moving service,Complete relocation support
Doggy Birthday Party,celebrate,events,Full birthday celebration,Make their special day unforgettable
Pet Spa Day,care,experiences,Relaxation and pampering,Relaxation and pampering they deserve
Dog Beach Day,enjoy,activities,Beach outing package,Curated for your companion
Pet Movie Night,enjoy,events,Outdoor cinema for pets,Curated for your companion
Hiking Trail Pass,enjoy,activities,Access to pet trails,Curated for your companion
Pet Art Class,learn,classes,Create art with your pet,Expert training and guidance
Doggy Yoga Session,learn,classes,Doga class for you both,Expert training and guidance
Sunrise Dog Walk,enjoy,activities,Group morning walks,Curated for your companion
Pet Costume Party,celebrate,events,Themed costume event,Celebrate with your furry friend
Doggy Dance Class,learn,classes,Learn tricks together,Expert training and guidance
Pet Camping Trip,enjoy,experiences,Overnight camping adventure,Curated for your companion
Bubble Play Session,enjoy,activities,Pet-safe bubble fun,Curated for your companion
Pet Photobooth Access,enjoy,experiences,Fun photo opportunities,Curated for your companion
Hydrotherapy Session,fit,therapy,Water-based exercise,Therapeutic exercise for recovery and mobility
Personal Dog Trainer,learn,training,One-on-one training,Expert training and guidance
Treadmill Training,learn,fitness,Indoor running session,Professional training to build confidence and good behavior
Canine CrossFit,fit,fitness,High-intensity workout,Keep your companion healthy and active
Swimming Lessons,learn,classes,Learn to swim safely,Low-impact exercise that dogs love
Obstacle Course Pass,enjoy,activities,Access to agility course,Curated for your companion
Canine Massage Session,care,wellness,Post-workout recovery,Professional care for your companion
Monthly Fitness Plan,fit,programs,Customized workout plan,Customized fitness plan for optimal health
Balance Ball Training,learn,classes,Core strengthening,Professional training to build confidence and good behavior
Sprint Training Session,learn,fitness,Speed and agility,Professional training to build confidence and good behavior
Basic Obedience Course,learn,training,Foundation training,"Build a well-mannered, responsive companion"
Puppy Socialization Class,learn,classes,Early social skills,Foundation training for lifelong good behavior
Advanced Commands Training,learn,courses,Complex commands,Professional training to build confidence and good behavior
Trick Training Workshop,learn,workshops,Fun tricks to learn,Professional training to build confidence and good behavior
Behaviour Modification,learn,programs,Address problem behaviours,Expert training and guidance
Service Dog Training,learn,specialized,Professional service training,Professional training to build confidence and good behavior
Therapy Dog Certification,fit,certification,Become a therapy team,Keep your companion healthy and active
Recall Training Intensive,learn,courses,Perfect recall every time,Professional training to build confidence and good behavior
House Training Program,learn,programs,Potty training success,Professional training to build confidence and good behavior
Separation Anxiety Course,learn,courses,Build independence,Expert training and guidance
Canine Good Citizen Prep,learn,certifications,CGC certification prep,Expert training and guidance
Online Training Course,learn,training,Learn at your pace,Professional training to build confidence and good behavior
Group Training Classes,learn,classes,Social learning,Professional training to build confidence and good behavior
Private Training Session,learn,training,One-on-one instruction,Professional training to build confidence and good behavior
Reactive Dog Workshop,learn,workshops,Help reactive dogs,Expert training and guidance
Nose Work Introduction,learn,classes,Scent detection basics,Expert training and guidance
Annual Wellness Checkup,care,checkups,Comprehensive health exam,"Preventive care for a healthy, happy life"
Dental Cleaning,care,dental,Professional dental care,Maintain fresh breath and healthy teeth
Flea & Tick Prevention,care,preventive,Monthly protection,Professional care for your companion
Microchipping Service,paperwork,services,Permanent ID implant,Peace of mind if your pet ever gets lost
Allergy Testing,care,diagnostics,Identify allergies,Professional care for your companion
Blood Panel Test,care,diagnostics,Complete blood work,Professional care for your companion
Heartworm Prevention,care,preventive,Monthly heartworm protection,Professional care for your companion
Anxiety Relief Drops,care,wellness,Natural calming aid,Professional care for your companion
Pain Management Plan,care,treatments,Chronic pain care,Professional care for your companion
Wellness Blood Test,care,diagnostics,Preventive screening,Professional care for your companion
New Pet Parent Consult,advisory,consultations,First-time owner guidance,Expert guidance for pet parents
Multi-Pet Household Plan,advisory,planning,Managing multiple pets,Expert guidance for pet parents
Pet Insurance Review,insure,financial,Insurance comparison,Find the right coverage for your companion
Vet Selection Assistance,care,guidance,Find the right vet,Professional health care and prevention
Pet Budget Planning,advisory,financial,Financial pet planning,Expert guidance for pet parents
Exercise Plan Consult,advisory,consultations,Custom fitness plan,Expert guidance for pet parents
Diet Transition Plan,advisory,planning,Safe food switching,Expert guidance for pet parents
Pet Safety Audit,fit,assessments,Home safety check,Keep your companion healthy and active
Training Method Consult,learn,consultations,Find right training style,Professional training to build confidence and good behavior
End-of-Life Planning,advisory,planning,Compassionate guidance,Expert guidance for pet parents
Rehoming Consultation,advisory,consultations,Responsible rehoming help,Expert guidance for your companion's needs
Personal Fitness Assessment,fit,fitness_assessment,"Comprehensive fitness evaluation for your pet including body condition score, mobility check, and pe",Customized fitness plan for optimal health
Agility Training Sessions (4 Pack),learn,exercise_plan,"Fun agility training sessions to improve coordination, confidence and fitness",Professional training to build confidence and good behavior
Swimming Therapy Session,fit,exercise_plan,Low-impact aquatic exercise perfect for senior pets or those recovering from injury,Low-impact exercise that dogs love
Puppy Foundation Course,learn,puppy_training,"Essential training for puppies 8-16 weeks covering socialisation, basic commands, and house training",Foundation training for lifelong good behavior
Basic Obedience Training (8 Sessions),learn,basic_obedience,"Master sit, stay, come, heel, and leash walking with certified trainers",Professional training to build confidence and good behavior
Behaviour Modification Programme,learn,behavior_modification,"Address specific behavioural issues like aggression, anxiety, or excessive barking",Expert training and guidance
Advanced Tricks & Commands,learn,advanced_training,"Fun advanced training including tricks, off-leash reliability, and complex commands",Expert training and guidance
Private In-Home Training Session,learn,basic_obedience,One-on-one training session at your home for personalised attention,Professional training to build confidence and good behavior
Spa Bath & Pamper Session,care,spa_bath,"Luxury spa experience with aromatherapy bath, massage, and premium conditioning","Refreshing bath for a clean, happy companion"
Nail Trim & Paw Care,care,nail_care,Professional nail trimming with paw pad moisturising treatment,Keep paws healthy and comfortable
Breed-Specific Styling,care,styling,Expert breed-standard styling by certified groomers familiar with your breed,Professional care for your companion
Behaviour Consultation,learn,behaviour,60-minute consultation with certified animal behaviourist to address concerns,Expert guidance for your companion's needs
Nutrition Planning Session,advisory,nutrition,Personalised nutrition plan developed by veterinary nutritionist,Personalized diet plan for optimal health
Senior Pet Care Consultation,advisory,consultation,Comprehensive guidance for caring for your ageing pet with comfort and dignity,Expert guidance for your companion's needs
New Pet Parent Coaching,advisory,coaching,One-on-one coaching for new pet parents covering everything from feeding to training,Expert guidance for pet parents
Breed Selection Guidance,advisory,breed_selection,Expert advice to help you choose the perfect breed for your lifestyle,Expert guidance for pet parents
Pet Passport Application Service,travel,travel,Complete assistance with pet passport application including documentation and vet coordination,All papers in order for worry-free travel
KCI Registration Assistance,paperwork,documentation,Help with Kennel Club of India registration including pedigree verification,Hassle-free compliance with local regulations
Medical Records Digitisation,paperwork,medical,Convert all physical medical records to secure digital format with cloud backup,Simplify pet documentation
Import/Export Documentation,paperwork,documentation,Complete documentation assistance for international pet relocation,Simplify pet documentation
24/7 Emergency Helpline Subscription,emergency,helpline,Annual subscription to 24/7 veterinary emergency helpline with instant advice,Expert help when you need it most
Lost Pet Alert Service,emergency,lost_pet,"Instant alert broadcast to local community, shelters, and veterinary clinics",Help when you need it most
First Aid Training Course,learn,training,Learn essential pet first aid skills from certified professionals,Professional training to build confidence and good behavior
Adoption Application Processing,adopt,adoption_process,Complete adoption application processing with background checks and home visit,Find your perfect companion match
Adoption Counselling Session,advisory,consultation,Expert guidance to help you find the perfect pet match for your family,Find your perfect companion match
Shelter Support Donation,adopt,donation,Direct donation to partner shelters to support rescued animals,Find your perfect companion
Private Cremation Service,farewell,cremation,Dignified private cremation with ashes returned in an elegant urn,A dignified farewell for your beloved companion
Rainbow Bridge Ceremony,farewell,ceremony,Touching farewell ceremony with readings and memorial moment,Compassionate support during difficult times
Grief Support Counselling,farewell,grief_support,Professional pet loss counselling to help you through this difficult time,We're here for you during this difficult time
Paw Print Memorial,farewell,memorial,Professional clay paw print impression as a lasting tribute,Honor the love you shared together
Basic Health Coverage,care,insurance,Essential health insurance covering accidents and basic illnesses,Professional health monitoring and care
Comprehensive Pet Insurance,insure,comprehensive,"Full coverage including accidents, illness, surgeries, and preventive care",Find the right coverage for your companion
Senior Pet Insurance,insure,senior_coverage,Specialised coverage for pets over 7 years with pre-existing condition options,Find the right coverage for your companion
Wellness Add-On,care,wellness,Add preventive care coverage including vaccinations and annual check-ups,Professional care for your companion
Travel Insurance for Pets,travel,travel_insurance,Coverage for pets during domestic and international travel,Stress-free journeys for your companion
Dog Park Meetup Pass (Monthly),enjoy,meetups,Monthly pass for organised dog park meetups with socialisation activities,Curated for your companion
Pet Parent Social Club Membership,community,membership,Annual membership to exclusive pet parent community with events and networking,Curated for your companion
Breed-Specific Playdate,community,playdates,Organised playdate with dogs of the same breed for specialised socialisation,Curated for your companion
Pet-Friendly Event Ticket,enjoy,events,Entry to premium pet-friendly events including festivals and exhibitions,Curated for your companion
Pet Photography Meetup,celebrate,photo_meetup,Join other pet parents for a fun photo session with professional photographer,Capture beautiful memories together
Complete Fitness Transformation,fit,fitness_bundle,"12-week programme combining assessment, weight management, and exercise sessions",Customized fitness plan for optimal health
Puppy Learning Journey,learn,training_bundle,Complete puppy training from foundation through basic obedience,Foundation training for lifelong good behavior
Ultimate Pamper Day,care,grooming_bundle,"Full day of pampering including spa bath, full grooming, and de-shedding",Professional care for your companion
New Pet Parent Essentials,advisory,advisory_bundle,"Everything new pet parents need including coaching, nutrition, and behaviour guidance",Expert guidance for pet parents
Complete Protection Plan,insure,insurance_bundle,Full insurance coverage with wellness add-on and travel protection,Curated for your companion
IATA Approved Travel Crate - Small,travel,travel,,Stress-free journeys for your companion
IATA Approved Travel Crate - Medium,travel,travel,,Stress-free journeys for your companion
IATA Approved Travel Crate - Large,travel,travel,,Stress-free journeys for your companion
Portable Pet Water Bottle,travel,travel,,Stress-free travel solutions
GPS Smart ID Tag,travel,travel,,Stress-free travel solutions
Premium Deshedding Brush,care,care,,Professional care for your companion
Safety Nail Clipper Set,care,care,,Keep paws healthy and comfortable
Gentle Oatmeal Shampoo,dine,care,,Curated for your companion
Ear Cleaning Solution,care,care,,Professional care for your companion
Biodegradable Poop Bags (120 Count),care,care,,Professional care for your companion
Calming Pheromone Spray,care,care,,Professional care for your companion
Pet Dining Placemat,dine,dine,,Curated for your companion
Dine-Time Calming Spray,dine,dine,,Curated for your companion
Café Ready Bandana,dine,dine,,Curated for your companion
Reusable Pup Cup,dine,dine,,Curated for your companion
Outdoor Dining Mat,dine,dine,,Curated for your companion
Café Cooling Vest,dine,dine,,Curated for your companion
Fresh Breath Dental Chews,care,dine,,Maintain fresh breath and healthy teeth
Dog Yoga Mat,fit,fit,Non-slip yoga mat designed for pet stretching and relaxation exercises. Perfect for doga sessions wi,Keep your companion healthy and active
Interactive Fetch Launcher,fit,fit,Automatic ball launcher with adjustable distance settings. Great for high-energy dogs who love fetch,Keep your companion healthy and active
Swimming Vest (All Sizes),fit,fit,High-visibility flotation vest for water-loving dogs. Adjustable straps and handle for easy lifting.,Low-impact exercise that dogs love
Treadmill for Dogs,fit,fit,Indoor exercise solution for dogs. Variable speed settings and safety rails. Perfect for rainy days ,Keep your companion healthy and active
Standard Boarding - 1 Night,stay,boarding,Comfortable overnight stay with meals,"A safe, loving home away from home"
Premium Suite - 1 Night,stay,boarding,Luxury suite with AC and webcam access,"Safe, comfortable stay for your pet"
Daycare Pass - Single Day,stay,daycare,Full day of play and supervision,Supervised play and socialization
Daycare Pack - 10 Days,stay,daycare,10-day daycare pass with 2 bonus days,Supervised play and socialization
Home Boarding Service,stay,boarding,Stay with a certified pet host,"A safe, loving home away from home"
Puppy Daycare (under 1 Year),stay,daycare,Specialized care for young puppies,Foundation training for lifelong good behavior
Senior Dog Stay,stay,boarding,Gentle care for senior pets,"Safe, comfortable stay for your pet"
Medical Boarding,stay,boarding,Boarding with medication administration,"A safe, loving home away from home"
Holiday Pet Sitting,care,boarding,In-home pet sitting during holidays,Personalized care in familiar surroundings
Airport Pickup & Drop,stay,services,Pet transport to/from airport,Seamless airport experience for your pet
International Flight Assistance,travel,services,End-to-end international travel support,Stress-free travel solutions
Pet-Friendly Hotel Booking,stay,services,We find the perfect pet-friendly stay,"Safe, comfortable stay for your pet"
Full Grooming Session,care,grooming,"Bath, haircut, nail trim, ear cleaning","Professional grooming for a healthy, beautiful coat"
Puppy First Groom,care,grooming,Gentle introduction to grooming,Foundation training for lifelong good behavior
Flea & Tick Prevention Pack,care,health,3-month protection pack,Professional care for your companion
Joint Support Supplements,care,health,Glucosamine & chondroitin formula,Professional care for your companion
Skin & Coat Supplements,care,health,Omega-rich formula for shiny coat,Professional care for your companion
Vet Video Consultation,care,health,Online vet consultation,Professional health care and prevention
Dog Park Playdate Booking,enjoy,services,Organized playdate at local park,Curated for your companion
Swimming Pool Session,enjoy,services,Supervised pool time for dogs,Low-impact exercise that dogs love
Agility Course Access,fit,services,Access to agility training course,Fun exercise that strengthens your bond
Personal Training Session,learn,training,One-on-one fitness training,Professional training to build confidence and good behavior
Weight Loss Program (4 Weeks),fit,programs,Structured weight management program,Keep your companion healthy and active
Puppy Fitness Starter,fit,programs,Age-appropriate exercise program,Foundation training for lifelong good behavior
Senior Mobility Program,fit,programs,Gentle exercises for older dogs,Keep your companion healthy and active
Canine Treadmill Session,learn,training,Supervised treadmill workout,Expert training and guidance
Swimming Fitness Class,learn,training,Low-impact aqua fitness,Low-impact exercise that dogs love
Agility Training Course,learn,programs,8-week agility training program,Professional training to build confidence and good behavior
Monthly Fitness Subscription,fit,programs,Unlimited fitness sessions,Customized fitness plan for optimal health
Dog Yoga (Doga) Session,learn,training,Relaxing yoga with your dog,Expert training and guidance
Puppy Kindergarten (8 Weeks),learn,training,Foundation training for puppies,Foundation training for lifelong good behavior
Advanced Training Program,learn,training,Complex commands & tricks,Professional training to build confidence and good behavior
Behavior Modification,learn,training,Address specific behavior issues,Expert training and guidance
Socialization Classes,learn,training,Safe exposure to new experiences,Expert training and guidance
Trick Training Course,learn,training,Fun tricks to impress everyone,Professional training to build confidence and good behavior
Pet Registration Service,paperwork,documentation,Complete municipal registration,Hassle-free compliance with local regulations
Pet Insurance Consultation,advisory,consultation,Find the right pet insurance,Expert guidance for your companion's needs
Vaccination Record Book,paperwork,documentation,Official vaccination record,Keep your companion protected and healthy
Pet Will & Trust Service,paperwork,legal,Legal protection for your pet's future,Simplify pet documentation
Breeding License Assistance,paperwork,documentation,Help with breeding permits,Simplify pet documentation
Pre-Adoption Counseling,advisory,consultation,Choose the right pet for your family,Professional support and guidance
New Pet Parent Guidance,advisory,consultation,Everything you need to know,Expert guidance for pet parents
Multi-Pet Household Advisory,advisory,consultation,Introducing new pets safely,Expert guidance for pet parents
Breed Selection Service,advisory,consultation,Find your perfect breed match,Expert guidance for pet parents
Pet-Proofing Home Audit,advisory,services,Make your home pet-safe,Expert guidance for pet parents
24/7 Emergency Vet Hotline,care,emergency,Round-the-clock vet access,Professional health care and prevention
First Aid Training Workshop,learn,training,Learn pet first aid,Professional training to build confidence and good behavior
Poison Control Consultation,advisory,emergency,Immediate toxicity guidance,Expert guidance for your companion's needs
Lost Pet Search Service,emergency,services,Professional pet search team,Help when you need it most
Cremation Service - Standard,farewell,cremation,Dignified cremation service,A dignified farewell for your beloved companion
Cremation Service - Premium,farewell,cremation,Private cremation with ceremony,A dignified farewell for your beloved companion
Paw Print Keepsake,farewell,memorial,Clay paw print impression,Compassionate support during difficult times
Photo Memorial Frame,farewell,memorial,Custom photo memorial,Honor the love you shared together
Memorial Garden Stone,farewell,memorial,Engraved garden memorial,Honor the love you shared together
Pet Loss Counseling Session,farewell,services,Grief support counseling,Professional support and guidance
Adoption Counseling,adopt,services,Free adoption guidance,Professional support and guidance
Rescue Dog Rehabilitation,adopt,services,Behavior support for rescues,Find your perfect companion
Foster-to-Adopt Program,adopt,programs,Try before you commit,Find your perfect companion match
Senior Pet Adoption Support,adopt,services,Support for adopting older pets,Find your perfect companion match
Second Chance Sponsorship,adopt,donation,Sponsor a shelter pet,Find your perfect companion
Grooming Brush Set,care,grooming,Complete brush collection,"Professional grooming for a healthy, beautiful coat"
Birthday Pawty Planning - Home,celebrate,party-planning,"Complete birthday celebration planning at your home. Includes décor, cake coordination, photography,",Make their special day unforgettable
Birthday Pawty Planning - Café/Venue,celebrate,party-planning,Premium birthday celebration at a pet-friendly café or venue. Full Concierge® service with venue boo,Make their special day unforgettable
Birthday Pawty Planning - Resort Experience,stay,party-planning,"Luxury resort birthday experience. Exclusive venue, gourmet menu, spa treatments, and overnight stay",Make their special day unforgettable
Milestone Celebration - Puppy to Adult,celebrate,milestone,Mark your puppy's transition to adulthood with a special ceremony. Includes growth photo compilation,Foundation training for lifelong good behavior
Milestone Celebration - Senior Honours,celebrate,milestone,Honour your pet's golden years with a dignified senior celebration. Gentle activities suited to thei,Make special moments memorable
Surprise Delivery & Moment,celebrate,surprise,"Surprise your pet parent with an unexpected celebration delivery. Perfect for birthdays, anniversari",Make special moments memorable
Party Coordination Service,celebrate,coordination,"Full party coordination without venue booking. We handle décor, cake, invites, and guest management.",Celebrate with your furry friend
Breed Day Celebration,celebrate,breed-day,Celebrate your pet's breed heritage on their official Breed Day. Connect with other breed enthusiast,Make special moments memorable
Adoption Anniversary Ritual,adopt,anniversary,Annual ritual to celebrate the bond between you and your adopted pet. Includes donation to rescue or,Find your perfect companion match
Nutrition Assessment & Meal Plan,fit,consultation,Comprehensive nutrition assessment by a certified pet nutritionist. Personalised meal plan based on ,Personalized diet plan for optimal health
Diet Transition Support,dine,support,Guided transition to new food with monitoring and adjustments. Ideal for switching to fresh food or ,Curated for your companion
Allergy Testing & Diet Planning,care,health,Comprehensive food allergy testing with elimination diet planning. Identify triggers and create a sa,Professional care for your companion
Home Cooking Workshop,dine,workshop,Learn to prepare nutritious homemade meals for your pet. Hands-on workshop with recipes and tips.,Curated for your companion
Meal Prep Service - Weekly,dine,meal-prep,Weekly meal preparation and portioning service. Fresh meals prepared and delivered to your doorstep.,Curated for your companion
Boarding Concierge® - Standard,stay,boarding,Full-service boarding coordination with our Concierge® team. We find the perfect stay based on your ,"A safe, loving home away from home"
Boarding Concierge® - Premium,stay,boarding,"Premium boarding with luxury amenities. Private suite, spa treatment, and personalised attention.","A safe, loving home away from home"
Daycare Planning & Coordination,stay,daycare,"Regular daycare scheduling and coordination. We manage bookings, transportation, and daily reports.",Supervised play and socialization
Home Pet Sitter Matching,care,pet-sitting,"We match you with a vetted, compatible home pet sitter. Your pet stays in a loving home environment.",Find the perfect companion for your lifestyle
Trial Stay Experience,stay,trial,Short trial stay to help your pet adjust to boarding. Perfect for anxious pets or first-timers.,"Safe, comfortable stay for your pet"
Pet Travel Planning - Domestic,travel,planning,"Complete domestic travel planning for you and your pet. Flight/train bookings, pet-friendly stays, a",Stress-free journeys for your companion
Pet Travel Planning - International,travel,planning,"Comprehensive international travel planning including documentation, quarantine requirements, and ai",Stress-free journeys for your companion
Pet Relocation Service - Domestic,travel,relocation,End-to-end pet relocation within India. Door-to-door service with climate-controlled transport.,Complete relocation support
Pet Relocation Service - International,travel,relocation,"Complete international pet relocation with all documentation, customs clearance, and destination del",Complete relocation support
Travel Documentation Service,travel,documentation,"We handle all pet travel documentation - health certificates, import permits, and airline forms.",Stress-free journeys for your companion
Airport Assistance Service,travel,assistance,"Personal assistance at the airport for pet check-in, security, and boarding. Reduces travel stress.",Seamless airport experience for your pet
Pet-Friendly Destination Research,advisory,research,"Detailed research on pet-friendly destinations, activities, and accommodations for your trip.",Expert guidance for pet parents
Grooming Concierge® - Full Service,care,grooming,"Premium grooming with Concierge® coordination. We book, transport, and ensure your pet's comfort thr","Professional grooming for a healthy, beautiful coat"
Home Grooming Service,care,grooming,Professional grooming in the comfort of your home. Less stress for anxious pets.,"Professional grooming for a healthy, beautiful coat"
Vet Appointment Coordination,care,health,"We schedule and coordinate all vet appointments. Reminders, transport, and report collection include",Professional health care and prevention
Wellness Programme - Annual,care,wellness,"Comprehensive annual wellness programme with scheduled check-ups, vaccinations, and preventive care.",Professional care for your companion
Senior Pet Care Programme,care,senior-care,"Specialised care programme for senior pets. Enhanced monitoring, mobility support, and comfort care.",Professional care for your companion
Post-Surgery Care Coordination,care,recovery,"Complete post-surgery care coordination including medication management, wound care, and recovery mo",Professional care for your companion
Playdate Coordination Service,advisory,social,We find compatible playmates and coordinate regular playdates for your social pup.,Expert guidance for pet parents
Social Calendar Management,enjoy,social,"Monthly social calendar with curated events, meetups, and activities for your pet.",Curated for your companion
Adventure Day Out,enjoy,experience,"Curated adventure day with hiking, beach visit, or nature exploration. Supervised fun for active dog",Curated for your companion
Swimming Session - Pool,enjoy,activity,"Supervised swimming session at a pet pool. Great exercise and fun, especially in summer.",Low-impact exercise that dogs love
Pet Café Experience,enjoy,experience,"Special outing to a pet café with treats, playtime, and socialisation. Perfect for a pawrent-pet dat",Curated for your companion
Behaviour Assessment & Plan,learn,assessment,In-depth behaviour assessment with customised modification plan for specific issues.,Expert training and guidance
Private Training - Home Visit,learn,training,One-on-one training session at your home. Address specific behaviours in familiar environment.,Professional training to build confidence and good behavior
Puppy Socialisation Programme,learn,socialisation,Structured socialisation programme for puppies during critical development period.,Foundation training for lifelong good behavior
Reactivity Rehabilitation,learn,behaviour,Intensive programme for reactive dogs. Build confidence and change responses to triggers.,Expert training and guidance
Separation Anxiety Programme,learn,behaviour,Structured programme to address separation anxiety with gradual desensitisation.,Expert training and guidance
Canine Good Citizen Preparation,learn,certification,Preparation course for Canine Good Citizen certification. Build skills for public access.,Expert training and guidance
Breed Registration - KCI,paperwork,breed-registry,Complete Kennel Club of India registration with pedigree documentation.,Hassle-free compliance with local regulations
Pet Insurance Advisory,advisory,insurance,"Compare and select the best pet insurance based on your pet's breed, age, and health history.",Find the right coverage for your companion
Document Organisation Service,advisory,organisation,"We organise and digitise all your pet's documents in a secure, accessible format.",Expert guidance for pet parents
Import/Export Permit Service,paperwork,permits,Handle all permits and documentation for international pet movement.,Simplify pet documentation
New Pet Parent Consultation,advisory,consultation,Comprehensive consultation for new pet parents. Everything you need to know about caring for your ne,Expert guidance for your companion's needs
Breed Selection Advisory,advisory,advisory,"Expert guidance to choose the perfect breed based on your lifestyle, home, and preferences.",Expert guidance for pet parents
Second Opinion Service,care,health,Connect with specialist vets for second opinions on diagnoses or treatment plans.,Professional care for your companion
End-of-Life Consultation,advisory,consultation,Compassionate guidance during your pet's final chapter. Quality of life assessment and care planning,Expert guidance for your companion's needs
Lost Pet Search & Recovery,emergency,search,"Professional search team activated within hours. Flyers, social media, and ground search.",Help when you need it most
Pet First Aid Training,learn,training,Learn essential pet first aid skills. Certification included.,Professional training to build confidence and good behavior
Rainbow Bridge Ceremony - Complete,farewell,ceremony,"Dignified farewell ceremony with cremation, memorial service, and keepsakes.",Compassionate support during difficult times
At-Home Euthanasia Coordination,farewell,end-of-life,Arrange peaceful at-home euthanasia with a compassionate vet. Dignified goodbye in familiar surround,Compassionate support during difficult times
Memorial Planning Service,advisory,memorial,"Complete memorial planning including keepsakes, tribute video, and remembrance options.",Honor the love you shared together
Grief Support Sessions,farewell,support,Professional grief counselling for pet loss. Individual or family sessions available.,We're here for you during this difficult time
Foster-to-Adopt Programme,adopt,programme,Trial foster period before committing to adoption. Support throughout the transition.,Find your perfect companion match
Agility Training Set,learn,training-equipment,,Professional training to build confidence and good behavior
Interactive Puzzle Feeder,fit,mental-fitness,,Keep your companion healthy and active
Balance Board for Dogs,learn,core-training,,Expert training and guidance
Tug Rope - Heavy Duty,advisory,strength,,Expert guidance for pet parents
Cooling Vest,advisory,weather-gear,,Expert guidance for pet parents
Portable Water Bottle,advisory,hydration,,Expert guidance for pet parents
Pet Health Monitor,care,advisory,,Professional health monitoring and care
Pheromone Calming Diffuser,advisory,advisory,,Expert guidance for pet parents
Pet Weight Management Scale,fit,advisory,,Keep your companion healthy and active
Senior Pet Mobility Ramp,advisory,advisory,,Expert guidance for pet parents
GPS Pet Tracker - Real Time,emergency,emergency,,Help when you need it most
GPS Pet Tracker - Mini (Cats & Small Dogs),emergency,emergency,,Help when you need it most
Smart QR ID Tag - Emergency,emergency,emergency,,Expert help when you need it most
High-Visibility Reflective Vest,emergency,emergency,,Help when you need it most
Soft Emergency Muzzle Set (3 Sizes),emergency,emergency,,Expert help when you need it most
Emergency Calming Spray,emergency,emergency,,Expert help when you need it most
Smart QR ID Tag,paperwork,paperwork,,Simplify pet documentation
Digital Pet ID Card,paperwork,paperwork,,Simplify pet documentation
Digital Health Record Wallet,care,paperwork,,Professional health monitoring and care
TDC Health File Folder,care,paperwork,,Professional health monitoring and care
Vaccination Booklet Holder,paperwork,paperwork,,Keep your companion protected and healthy
Waterproof Document Sleeve,paperwork,paperwork,,Simplify pet documentation
Travel Document Pouch,travel,paperwork,,Stress-free journeys for your companion
Emergency Document Wallet,emergency,paperwork,,Expert help when you need it most
Emergency Contact Cards (Pack of 5),emergency,paperwork,,Expert help when you need it most
Pet Insurance Document Organizer,insure,paperwork,,Find the right coverage for your companion
Annual Compliance Checklist,paperwork,paperwork,,Simplify pet documentation
Smart Activity Tracker,fit,fit,,Keep your companion healthy and active
Pet Weight Scale,fit,fit,,Keep your companion healthy and active
Automatic Ball Launcher,fit,fit,,Keep your companion healthy and active
Pet Treadmill,fit,fit,,Keep your companion healthy and active
Swimming Safety Vest,fit,fit,,Low-impact exercise that dogs love
Joint Support Supplement,fit,fit,,Keep your companion healthy and active
Cooling Exercise Vest,fit,fit,,Keep your companion healthy and active
Canine Balance Board,fit,fit,,Keep your companion healthy and active
Social Butterfly Bandana,enjoy,enjoy,,Curated for your companion
Cooling Vest for Outdoor Fun,enjoy,enjoy,,Curated for your companion
Safety Swim Vest,enjoy,enjoy,,Curated for your companion
Event Day Backpack,enjoy,enjoy,,Curated for your companion
Portable Outdoor Bed,enjoy,enjoy,,Curated for your companion
Social Profile Tag,enjoy,enjoy,,Curated for your companion
The Leela Goa,stay,stay,Luxury beachfront resort set amidst 75 acres of lush gardens. One of India's most pet-welcoming luxu,"Safe, comfortable stay for your pet"
W Goa,stay,stay,Trendy beachside escape with vibrant design and pet-friendly policies. Perfect for young pet parents,"Safe, comfortable stay for your pet"
Ahilya By the Sea,advisory,stay,Intimate heritage property with just 8 rooms. Dogs are treated as family here with personalized care,Expert guidance for pet parents
SUJÁN Jawai,stay,stay,Luxury tented camp in leopard country. One of India's most exclusive pet-friendly wilderness experie,"Safe, comfortable stay for your pet"
Taj Lake Palace,stay,stay,Iconic floating palace on Lake Pichola. Pets are welcomed as royal guests with special arrangements.,"Safe, comfortable stay for your pet"
The Oberoi Rajvilas,stay,stay,32-acre luxury resort with Rajasthani architecture. Pets are pampered with dedicated walking areas.,"Safe, comfortable stay for your pet"
CGH Earth - Coconut Lagoon,stay,stay,Eco-friendly backwater resort accessible only by boat. Pets enjoy the natural surroundings.,"Safe, comfortable stay for your pet"
Marari Beach Resort,stay,stay,Beachside eco-resort with traditional Kerala cottages. Perfect for beach-loving dogs.,"Safe, comfortable stay for your pet"
The Oberoi Cecil,stay,stay,Colonial heritage hotel with stunning mountain views. Pets enjoy the crisp mountain air.,"Safe, comfortable stay for your pet"
Wildflower Hall,stay,stay,"Former residence of Lord Kitchener at 8,250 ft. Surrounded by cedar forests perfect for pet walks.","Safe, comfortable stay for your pet"
Della Resorts,stay,stay,Adventure resort with India's largest collection of adventure activities. Pet-friendly rooms availab,"Safe, comfortable stay for your pet"
Radisson Blu Resort & Spa Alibaug,care,stay,Beachside resort perfect for weekend getaways from Mumbai. Pet-friendly rooms with garden access.,Relaxation and pampering they deserve
Evolve Back Coorg,stay,stay,Luxury plantation resort in coffee country. Expansive grounds perfect for pets to explore.,"Safe, comfortable stay for your pet"
The Serai Kabini,stay,stay,Wildlife resort on the banks of Kabini River. Perfect for nature-loving pet families.,"Safe, comfortable stay for your pet"
The Tamara Kodai,stay,stay,Boutique resort in the Palani Hills. Misty mountains and forest walks for pets.,"Safe, comfortable stay for your pet"
Taj Fisherman's Cove,stay,stay,Beachfront resort near Chennai. Pet-friendly cottages with direct beach access.,"Safe, comfortable stay for your pet"
"The Oberoi, Gurugram",advisory,stay,Urban luxury hotel with pet-friendly rooms. Ideal for business travelers with pets.,Expert guidance for pet parents
ITC Grand Bharat,stay,stay,All-suite resort spread across 100 acres. Pets enjoy the expansive grounds and golf course.,"Safe, comfortable stay for your pet"
Taj Exotica Resort & Spa,care,stay,Island paradise with pet-friendly villas. Near Asia's best beach.,Relaxation and pampering they deserve
Palais De Mahe,stay,stay,Boutique heritage hotel in French Quarter. Pet-friendly rooms with courtyard access.,"Safe, comfortable stay for your pet"
Treehouse Jaipur,stay,stay,Unique treehouse-style property with pet-friendly rooms. Great city views.,"Safe, comfortable stay for your pet"
SaffronStays Casa Del Sol,stay,stay,Private villa perfect for pet families. Fully fenced garden and pool.,"Safe, comfortable stay for your pet"
Atmantan Wellness Centre,care,stay,Luxury wellness resort with pet-friendly options. Holistic retreat for you and your pet.,Professional care for your companion
Himalaica,stay,stay,Cozy mountain homestay with incredible views. Dogs love the apple orchards.,"Safe, comfortable stay for your pet"
Camp Wildex,stay,stay,Adventure camp by the Ganges. Perfect for active pet families.,"Safe, comfortable stay for your pet"
The Windflower Prakruthi,stay,stay,Nature resort near Bangalore airport. Great for pet staycations.,"Safe, comfortable stay for your pet"
Mahua Kothi,stay,stay,Luxury jungle lodge near tiger reserve. Pet-friendly with precautions.,"Safe, comfortable stay for your pet"
Vivanta Dal View,stay,stay,Lakeside luxury with Dal Lake views. Pet-friendly rooms with garden access.,"Safe, comfortable stay for your pet"
The Machan,stay,stay,Treehouse eco-resort in the forest. Unique experience for nature-loving pets.,"Safe, comfortable stay for your pet"
Aahana Resort,stay,stay,Nature resort at the foothills of the Himalayas. Pet-friendly with large grounds.,"Safe, comfortable stay for your pet"
Pawsome Pet Resort,stay,boarding,Luxury pet resort with spacious rooms and 24/7 vet access,"Safe, comfortable stay for your pet"
Happy Tails Boarding,stay,boarding,Cozy home environment with personal attention,"A safe, loving home away from home"
Pet Paradise Delhi,stay,boarding,Luxury pet boarding with individual suites and personalized care,"Safe, comfortable stay for your pet"
Pet-Friendly Hotel Stay,stay,hotel,,"Safe, comfortable stay for your pet"
Resort Getaway with Pets,stay,resort,,"Safe, comfortable stay for your pet"
Private Villa Rental,advisory,villa,,Expert guidance for pet parents
Countryside Farmstay,stay,farmstay,,"Safe, comfortable stay for your pet"
Premium Pet Boarding,stay,boarding,,"A safe, loving home away from home"
Standard Pet Boarding,stay,boarding,,"A safe, loving home away from home"
Home-style Pet Boarding,stay,homestay,,"A safe, loving home away from home"
Pet Daycare - Full Day,stay,daycare,,Supervised play and socialization
Pet-Friendly Cab Service,travel,cab,,Stress-free travel solutions
Train Travel Assistance,travel,train,,Stress-free journeys for your companion
Domestic Flight Coordination,travel,flight,,Stress-free travel solutions
Pet Taxi - City Rides,travel,taxi,,"Safe, comfortable transportation"
Bath & Brush,care,grooming,,"Refreshing bath for a clean, happy companion"
Daily Dog Walking,care,walking,,Daily exercise and mental stimulation
Pet Sitting (8 Hours),care,sitting,,Personalized care in familiar surroundings
Basic Obedience Training,learn,training,,Professional training to build confidence and good behavior
Vet Consultation Booking,care,vet,,Professional health care and prevention
Agility Training Class,learn,agility,,Professional training to build confidence and good behavior
Dog Park Day Pass,enjoy,park,,Curated for your companion
Pet Cafe Voucher,dine,cafe,,Curated for your companion
Beach Day Experience,enjoy,beach,,Curated for your companion
Puppy Training Course,learn,puppy,,Professional training to build confidence and good behavior
Fun Tricks Workshop,learn,tricks,,Expert training and guidance
Biodegradable Poop Bags (120 count),care,care,Eco-friendly waste bags. Extra thick and leak-proof.,Professional care for your companion
Puppy Daycare (under 1 year),stay,daycare,Specialized care for young puppies,Foundation training for lifelong good behavior
Weight Loss Program (4 weeks),fit,programs,Structured weight management program,Keep your companion healthy and active
Puppy Kindergarten (8 weeks),learn,training,Foundation training for puppies,Foundation training for lifelong good behavior
Soft Emergency Muzzle Set (3 sizes),emergency,emergency,Breathable mesh muzzle set for safe handling during injuries. Non-intimidating design.,Expert help when you need it most
Ahilya by the Sea,stay,stay,Intimate heritage property with just 8 rooms. Dogs are treated as family here with personalized care,"Safe, comfortable stay for your pet"
Palais de Mahe,stay,stay,Boutique heritage hotel in French Quarter. Pet-friendly rooms with courtyard access.,"Safe, comfortable stay for your pet"
Pet Resort Getaway,stay,resort,Luxury resort for pets,"Safe, comfortable stay for your pet"
Pet Sitting (8 hours),care,sitting,In-home pet sitting,Personalized care in familiar surroundings
Pet Adventure Day,advisory,adventure,Guided outdoor adventure,Expert guidance for pet parents
Basic Grooming,care,basic,Bath and brush,"Professional grooming for a healthy, beautiful coat"
Nail Trim & Filing,advisory,nail,Professional nail care,Keep paws healthy and comfortable
Adoption Consultation,advisory,consultation,Find your perfect match,Expert guidance for your companion's needs
Post-Adoption Support,adopt,support,30-day support package,Find your perfect companion match
Memorial Service,farewell,memorial,Dignified memorial ceremony,Honor the love you shared together
Private Cremation,farewell,cremation,Private cremation service,A dignified farewell for your beloved companion
Premium Reservation Service,advisory,service,Guaranteed pet-friendly seating,Expert guidance for pet parents
Premium Coverage Plan,insure,insurance,Comprehensive insurance,Curated for your companion
Accident Only Plan,insure,insurance,Accident coverage,Curated for your companion
TEST_Product_20260127163538,care,,,Professional care for your companion
Woof Woof Inn,stay,boarding,,"Safe, comfortable stay for your pet"
Pet Paradise,stay,boarding,,"Safe, comfortable stay for your pet"
Furry Friends Haven,stay,boarding,,"Safe, comfortable stay for your pet"
K9 Comfort Zone,stay,boarding,,"Safe, comfortable stay for your pet"
Doggy Daycare & Stay,stay,boarding,,Supervised play and socialization
Paws & Relax,stay,boarding,,"Safe, comfortable stay for your pet"
The Barking Lot,stay,boarding,,"Safe, comfortable stay for your pet"
Snout House,stay,boarding,,"Safe, comfortable stay for your pet"
Tail Waggers Resort,stay,boarding,,"Safe, comfortable stay for your pet"
Cuddles Pet Care,stay,boarding,,"Safe, comfortable stay for your pet"
Canine Castle Mumbai,stay,boarding,,"Safe, comfortable stay for your pet"
Paws & Play Delhi,stay,boarding,,"Safe, comfortable stay for your pet"
The Dog Lodge Gurgaon,stay,boarding,,"Safe, comfortable stay for your pet"
Furry Friends Pune,stay,boarding,,"Safe, comfortable stay for your pet"
Wagging Tails Hyderabad,stay,boarding,,"Safe, comfortable stay for your pet"
Pet Paradise Chennai,stay,boarding,,"Safe, comfortable stay for your pet"
Allergy-Safe Diet Planning,advisory,feed,Specialized diet planning for pets with food allergies,Expert guidance for pet parents
Puppy Nutrition Programme,advisory,feed,Age-appropriate nutrition guidance for growing puppies,Foundation training for lifelong good behavior
Senior Pet Nutrition,advisory,feed,Specialized nutrition support for aging pets,Personalized diet plan for optimal health
Prescription Diet Coordination,advisory,feed,Help sourcing and managing prescription diets,Expert guidance for pet parents
Free Insurance Quote Comparison,insure,insure,Get quotes from multiple pet insurance providers - completely free,Find the right coverage for your companion
Policy Review & Optimization,insure,insure,Expert review of your current pet insurance policy,Curated for your companion
Claim Filing Assistance,insure,insure,Professional help filing and tracking insurance claims,Curated for your companion
Renewal Management Service,insure,insure,Never miss a renewal with automated reminders,Curated for your companion
Comfort Crate for New Pets,adopt,adopt,Cozy crate to help adopted pets feel safe,Find your perfect companion
Rescue Calming Supplement,adopt,adopt,Natural calming aid for anxious rescue pets,Find your perfect companion
Orthopedic Comfort Bed,adopt,adopt,Memory foam bed for senior rescues,Find your perfect companion
Shelter Donation Gift Card,adopt,adopt,Support local shelters with a donation,Find your perfect companion
Dog Treadmill (Small),fit,fit,Indoor exercise treadmill for small dogs,Keep your companion healthy and active
Weighted Vest for Dogs,fit,fit,Adjustable weight vest for strength training,Keep your companion healthy and active
Exercise Ball Launcher,fit,fit,Automatic ball launcher for fetch exercises,Keep your companion healthy and active
Squeaky Ball Set (3 pack),enjoy,enjoy,Durable tennis balls with squeaker,Curated for your companion
Portable Dog Pool,enjoy,enjoy,Foldable splash pool for summer fun,Curated for your companion
Party Bandana Set,celebrate,enjoy,Stylish bandanas for meetups & events,Celebrate with your furry friend
Professional Deshedding Brush,care,grooming,"Stainless steel deshedding tool reduces shedding by up to 90%. Ergonomic handle, gentle on skin. For",Professional care for your companion
Gentle Oatmeal Shampoo - 500ml,care,grooming,"Soothing oatmeal formula for sensitive skin. pH balanced, paraben-free. Leaves coat soft, shiny, and",Professional care for your companion
Nail Clipper & File Set,care,grooming,Professional-grade nail clipper with safety guard. Includes nail file and quick guide. Stainless ste,Keep paws healthy and comfortable
Paw Balm & Nose Butter Duo,care,grooming,"Organic balm set for cracked paws and dry noses. Made with shea butter, coconut oil, and vitamin E. ",Professional care for your companion
Ear Cleaning Solution - 120ml,care,grooming,"Gentle ear cleaner removes wax and debris. Prevents infections, reduces odor. Vet-recommended formul",Professional care for your companion
Wahl Cargo Seat Cover for Pets,travel,car-accessories,"Premium cargo area seat cover to protect your car from pet hair, dirt, and scratches. Waterproof bac",Stress-free travel solutions
Pet Passport & Document Holder,travel,travel-accessories,"Organized document holder for all pet travel paperwork. Holds vaccination records, health certificat",All papers in order for worry-free travel
Car Window Mesh Barrier,travel,car-accessories,Breathable mesh barrier for car windows. Allows fresh air while preventing pets from jumping out. Ea,Stress-free travel solutions
TDC Freeze-dried Liver,dine,general,Individual item from Gourmet Treats Box. Premium quality dining essential from The Doggy Company.,Curated for your companion
TDC Dental Chews,care,general,Individual item from Gourmet Treats Box. Premium quality dining essential from The Doggy Company.,Maintain fresh breath and healthy teeth
TDC Photo Frame,dine,photo_services,Individual item from Adoption Anniversary Special. Premium quality dining essential from The Doggy C,Curated for your companion
TDC Gourmet Meal,dine,meals,Individual item from Puppy Date Night. Premium quality dining essential from The Doggy Company.,Curated for your companion
TDC Dine-fresh-chicken,dine,general,Individual item from Weekly Fresh Meal Plan. Premium quality dining essential from The Doggy Company,Curated for your companion
TDC Dine-lamb-rice,dine,general,Individual item from Weekly Fresh Meal Plan. Premium quality dining essential from The Doggy Company,Curated for your companion
TDC Dine-fish-omega,dine,general,Individual item from Weekly Fresh Meal Plan. Premium quality dining essential from The Doggy Company,Curated for your companion
Squeaky Ball Set (3 Pack),enjoy,enjoy,Durable tennis balls with squeaker,Curated for your companion
Pet Passport Holder,travel,travel,"Waterproof holder for vaccination records, health certificates, and ID tags.",All papers in order for worry-free travel
Motion Sickness Relief Drops,travel,travel,Natural remedy for car sickness. Give 30 mins before travel.,Stress-free travel solutions
ThunderShirt Anxiety Wrap,adopt,adopt-calming,"Pressure wrap that applies gentle, constant pressure to reduce anxiety",Find your perfect companion
Soft-Sided Comfort Crate,adopt,adopt-comfort,Cozy collapsible crate with plush lining - perfect safe space for new pets,Find your perfect companion
Covered Pet Hideaway Bed,adopt,adopt-comfort,Cave-style bed providing security for nervous rescues,Find your perfect companion
Orthopedic Memory Foam Bed,adopt,adopt-comfort,Premium memory foam bed for senior or injured rescue pets,Find your perfect companion
Snuffle Mat for Slow Feeding,adopt,adopt-enrichment,Interactive feeding mat that encourages natural foraging behavior,Find your perfect companion
Digestive Health Probiotic,care,adopt-health,Probiotic supplement to help rescued pets adjust to new diet,Professional health monitoring and care
Immune Support Supplement,care,adopt-health,Boost immunity during the transition period with vitamins & antioxidants,Professional care for your companion
Gentle Rescue Pet Shampoo,care,adopt-grooming,"Hypoallergenic, tear-free shampoo for sensitive rescue pets",Professional care for your companion
Adoption Success Handbook,adopt,adopt-guide,Complete guide to helping your rescue pet adjust and thrive,Find your perfect companion match
Understanding Rescue Behavior,learn,adopt-guide,Expert guide on common rescue pet behaviors and how to help,Expert training and guidance
Shelter Support - ₹500,adopt,adopt-donation,Donate to local shelters and support rescue operations,Find your perfect companion
Shelter Support - ₹1000,adopt,adopt-donation,Generous donation to help rescue more animals in need,Find your perfect companion
Airtight Travel Food Container,travel,travel-feeding,"3-compartment container for food, treats, and supplements - leak-proof design.",Stress-free journeys for your companion
Portable Memory Foam Travel Bed,travel,travel-comfort,"Lightweight, foldable bed with removable, washable cover - rolls up for easy packing.",Stress-free journeys for your companion
Pressure-Activated Cooling Mat,travel,travel-comfort,Self-cooling gel mat for hot weather travel - no refrigeration needed.,Stress-free travel solutions
Elevated Pet Car Seat,travel,travel-safety,Booster seat with safety tether - lets small pets see out the window safely.,Stress-free travel solutions
Travel Calming Chews,travel,travel-calming,"Soft chews with chamomile, valerian & L-theanine - 30 count.",Stress-free journeys for your companion
Motion Sickness Relief Tablets,care,travel-health,Natural anti-nausea tablets for car and air travel - 30 tablets.,Professional care for your companion
Pet Travel Document Organizer,travel,travel-docs,"Waterproof organizer for vaccination records, health certificates, and ID.",Stress-free journeys for your companion
Engraved Travel ID Tag Set,travel,travel-docs,"Set of 2 durable metal tags with name, phone & destination info.",Stress-free journeys for your companion
Agility Training Hurdle Set,learn,fit,Adjustable hurdles for backyard agility training,Professional training to build confidence and good behavior
Dog Treadmill - Compact,fit,fit,Indoor exercise treadmill for dogs up to 25kg,Keep your companion healthy and active
Swimming Vest for Dogs,fit,fit,Buoyancy vest for safe water exercise and swimming,Low-impact exercise that dogs love
Snuffle Mat - Large,fit,fit,Enrichment mat for mental stimulation during feeding,Keep your companion healthy and active
Weighted Exercise Vest,fit,fit,Adjustable weighted vest for strength training walks,Keep your companion healthy and active
Premium Car Seat for Dogs,travel,travel-safety,"Elevated car seat with safety harness attachment. Plush memory foam, waterproof base. Perfect for ro",Stress-free travel solutions
Pet Travel Bag Organizer,travel,travel-accessories,"Multi-pocket bag for all pet essentials. Fits food, treats, bowls, toys, documents. Waterproof base,",Stress-free journeys for your companion
Portable Travel Bed,travel,travel-comfort,Foldable memory foam bed with waterproof cover. Sets up in seconds. Provides familiar comfort away f,Stress-free journeys for your companion
Calming Travel Spray,care,travel-health,"Pheromone-based spray for carriers, cars, hotel rooms. Reduces travel anxiety naturally. Vet recomme",Stress-free journeys for your companion
Pet Passport Holder & Document Organizer,travel,travel-docs,"Premium holder for vaccination records, health certificates, ID tags. RFID-protected pocket for micr",All papers in order for worry-free travel
Full Spa Grooming,care,grooming,"Complete spa experience with massage, premium products","Professional grooming for a healthy, beautiful coat"
Vet Consultation,care,vet,General health checkup and consultation,Professional health care and prevention
Birthday Party - Home,celebrate,,Complete birthday planning and execution at your home,Make their special day unforgettable
Birthday Party - Venue,celebrate,,Birthday celebration at a pet-friendly venue,Make their special day unforgettable
Milestone Celebration,celebrate,,"First travel, senior years, recovery milestones",Make special moments memorable
Festive Celebration Planning,celebrate,,"Diwali, Christmas, Holi celebrations with your pet",Make special moments memorable
Surprise Coordination,celebrate,,Surprise party or gift coordination for pet parents,Make special moments memorable
Life Moment Tracking,celebrate,,"Automated reminders for birthdays, gotcha days, milestones",Make special moments memorable
Pet-Friendly Restaurant Discovery,dine,,Find the perfect restaurant that welcomes your pet,Curated for your companion
Reservation Assistance,dine,,We confirm pet acceptance and make the reservation,Curated for your companion
Dining Etiquette Guidance,dine,,Tips and training for dining out with your pet,Curated for your companion
Venue Suitability Advisory,advisory,,Breed and size suitability check for venues,Expert guidance for pet parents
Backup Dining Alternatives,dine,,Alternative options if plans change last minute,Curated for your companion
Pet-Friendly Hotel Discovery,stay,,Find hotels and resorts that welcome your pet,"Safe, comfortable stay for your pet"
Property Rule Verification,stay,,"Verify breed, size, and number restrictions","Safe, comfortable stay for your pet"
Room Suitability Advisory,advisory,,Recommend the right room type for your pet,Expert guidance for pet parents
Long-Stay Assistance,stay,,Serviced apartments and extended stay planning,"Safe, comfortable stay for your pet"
Boarding Alternatives,stay,,"When hotel stays aren't possible, we find boarding","A safe, loving home away from home"
Airline Policy Interpretation,travel,,Route-specific pet policy guidance,Stress-free travel solutions
Cabin vs Cargo Advisory,advisory,,Feasibility check based on pet size and route,Expert guidance for pet parents
Train & Road Travel Planning,travel,,Complete road trip or train journey planning,Stress-free journeys for your companion
Destination Pet Rules,travel,,Pet rules and requirements at your destination,Stress-free travel solutions
Domestic Relocation Planning,travel,,Complete domestic move with your pet,Complete relocation support
International Relocation,travel,,International move with quarantine and documentation,Complete relocation support
Transit & Handling Guidance,travel,,Airport handling and transit coordination,Stress-free travel solutions
Vet Consultation - General,care,,General health checkup and consultation,Professional health care and prevention
Vet Consultation - Specialty,care,,"Specialist consultation (dermatology, cardiology, etc.)",Professional health care and prevention
Vet Visit - Home,care,,Vet comes to your home,Professional health care and prevention
Home Grooming,care,,Groomer comes to your home,"Professional grooming for a healthy, beautiful coat"
Preventive Care Reminders,care,,"Vaccination, deworming, health check reminders",Professional care for your companion
Nutrition Guidance,care,,Non-medical diet and nutrition planning,Personalized diet plan for optimal health
Recovery Care Coordination,care,,Post-surgery or treatment care coordination,Professional care for your companion
Senior Pet Care Planning,advisory,,Comprehensive care plan for senior pets,Expert guidance for pet parents
Pet Parks Discovery,enjoy,,Find dog parks and open spaces near you,Curated for your companion
Pet Events & Experiences,enjoy,,"Pet-friendly events, meetups, experiences",Curated for your companion
Socialisation Planning,advisory,,Structured socialisation for puppies and shy dogs,Expert guidance for pet parents
Weekend Outing Planning,advisory,,Complete weekend activity plan with your pet,Expert guidance for pet parents
Dog Walking - Daily,care,,Daily dog walking service,Daily exercise and mental stimulation
Breed-Appropriate Activity Plan,fit,,Customized exercise routine for your breed,Keep your companion healthy and active
Indoor Exercise Routines,fit,,Exercise plans for apartment living,Keep your companion healthy and active
Outdoor Exercise Sessions,fit,,Guided outdoor exercise and play,Keep your companion healthy and active
Senior Mobility Planning,advisory,,Gentle exercise for senior dogs,Expert guidance for pet parents
Swimming Sessions,fit,,Hydrotherapy and recreational swimming,Low-impact exercise that dogs love
New Pet Parent Onboarding,stay,,Everything you need to know as a first-time pet parent,"A safe, loving home away from home"
Breed Education Session,learn,,Understand your breed's needs and temperament,Expert training and guidance
Puppy Transition Guidance,learn,,First 30 days with your new puppy,Foundation training for lifelong good behavior
Senior Pet Care Education,learn,,Understanding and caring for aging pets,Expert training and guidance
Behavior Understanding,learn,,Learn to read and understand your pet's behavior,Expert training and guidance
Advanced Training,learn,,Advanced commands and tricks,Professional training to build confidence and good behavior
Pet Registration Guidance,paperwork,,Help with local pet registration,Hassle-free compliance with local regulations
Microchipping Assistance,paperwork,,Microchip registration and documentation,Peace of mind if your pet ever gets lost
Licensing & Compliance,paperwork,,Local compliance and licensing guidance,Simplify pet documentation
Travel Documentation,travel,,"Pet passport, health certificates, NOCs",Stress-free journeys for your companion
Insurance Paperwork Advisory,advisory,,Help with pet insurance documentation,Find the right coverage for your companion
Adoption Documentation,paperwork,,Adoption papers and transfer documentation,Find your perfect companion match
Housing & Society Advisory,advisory,,Navigate pet rules in housing societies,Expert guidance for pet parents
Multi-Pet Household Planning,advisory,,Adding another pet to your family,Expert guidance for pet parents
Behavior Escalation Pathways,learn,,Non-clinical behavior concern guidance,Expert training and guidance
End-of-Life Preparation,advisory,,Planning for your pet's final chapter,Expert guidance for pet parents
Emergency Vet Discovery,care,,Find nearest emergency vet immediately,Professional health care and prevention
After-Hours Care Guidance,emergency,,Guidance when regular vets are closed,Help when you need it most
Accident & Poisoning Response,emergency,,Immediate guidance for emergencies,Help when you need it most
Lost Pet Response,emergency,,Coordination for lost pet recovery,Help when you need it most
Emergency Transport,travel,,Emergency pet ambulance coordination,Expert help when you need it most
Euthanasia Coordination,farewell,,Vet-guided peaceful passing,Compassionate support during difficult times
Cremation & Burial,farewell,,Dignified final arrangements,A dignified farewell for your beloved companion
Memorial & Remembrance,farewell,,Memorial planning and keepsakes,Honor the love you shared together
Grief Support Resources,farewell,,Support during difficult times,We're here for you during this difficult time
Ethical Adoption Discovery,adopt,,Find verified shelters and rescues,Find your perfect companion match
Breed Suitability Advisory,advisory,,Find the right breed for your lifestyle,Expert guidance for pet parents
Adoption Readiness Planning,advisory,,Are you ready for a pet?,Find your perfect companion match
Home Preparation Guidance,adopt,,Prepare your home for a new pet,Find your perfect companion
First 30 Days Support,adopt,,Transition support for new adoptions,Find your perfect companion
Personal Shopping Assistance,advisory,,Help finding the right products,Expert guidance for pet parents
Emergency Sourcing,emergency,,Urgent product sourcing,Expert help when you need it most
Vet-Recommended Sourcing,care,,Find specific vet-recommended products,Professional health care and prevention
Travel & Relocation Sourcing,travel,,All products needed for travel/move,Stress-free journeys for your companion
Test Custom Service UPDATED,care,,Updated description,Professional care for your companion
Updated Test Grooming Service,care,,Updated description for testing,"Professional grooming for a healthy, beautiful coat"
Long Coat · Full Grooming · Complete Spa Day,care,grooming,,"Professional grooming for a healthy, beautiful coat"
Short Coat · Express Grooming · Quick Refresh,care,grooming,,"Professional grooming for a healthy, beautiful coat"
Curly Coat · Poodle Mix Grooming · Doodle Specialist,care,grooming,,"Professional grooming for a healthy, beautiful coat"
Small Breed · Puppy's First Groom · Gentle Introduction,care,grooming,,Foundation training for lifelong good behavior
Large Breed · Big Dog Bath · Home Service,care,grooming,,"Refreshing bath for a clean, happy companion"
High Energy · Obedience Training · Focus Building,learn,training,,Professional training to build confidence and good behavior
Indie Dog · Street Dog Rehab · Urban Adjustment,learn,training,,Expert training and guidance
Small Breed · Puppy Socialization · Early Learning,learn,training,,Foundation training for lifelong good behavior
Anxious Dog · Behavior Modification · Calm Building,learn,training,,Expert training and guidance
Scent Dog · Nose Work Training · Mental Exercise,learn,training,,Professional training to build confidence and good behavior
High Energy · Power Walk · Energy Drain,care,walking_sitting,,Professional care for your companion
Small Breed · Gentle Walk · Leisurely Pace,care,walking_sitting,,Professional care for your companion
Large Breed · Adventure Walk · Trail Exploration,care,walking_sitting,,Professional care for your companion
All Breeds · Pet Sitting · Home Care,care,walking_sitting,,Personalized care in familiar surroundings
Small Breed · Lap Dog Sitter · Companion Care,care,walking_sitting,,Professional care for your companion
Large Breed · Flight Crate Training · Travel Prep,learn,travel_handling,,Professional training to build confidence and good behavior
Small Breed · Cabin Travel Prep · Fly With Me,travel,travel_handling,,Stress-free journeys for your companion
All Breeds · Road Trip Setup · Car Travel Ready,travel,travel_handling,,Stress-free journeys for your companion
Anxious Traveler · Travel Anxiety Support · Calm Journey,travel,travel_handling,,Stress-free journeys for your companion
All Breeds · Birthday Party Setup · Complete Celebration,celebrate,celebration_support,,Make their special day unforgettable
All Breeds · Gotcha Day Surprise · Adoption Anniversary,celebrate,celebration_support,,Find your perfect companion match
All Breeds · Photoshoot Coordination · Memory Capture,celebrate,celebration_support,,Make special moments memorable
Large Breed · Party Venue Booking · Space For Play,care,celebration_support,,Relaxation and pampering they deserve
All Breeds · Nutrition Consultation · Diet Planning,advisory,care_support,,Personalized diet plan for optimal health
Senior Dog · Geriatric Care Plan · Golden Years,advisory,care_support,,Expert guidance for pet parents
Large Breed · Joint Health Support · Mobility Care,care,care_support,,Professional health monitoring and care
Sensitive Skin · Allergy Management · Comfort Plan,care,care_support,,Professional care for your companion
Post-Surgery · Recovery Support · Healing Help,emergency,care_support,,Help when you need it most
Puppy Training Programme,learn,training,Foundation training for puppies aged 8 weeks to 6 months.,Professional training to build confidence and good behavior
Anxiety & Behaviour Therapy,learn,training,"Specialized programme for anxiety, reactivity, and behavioural issues.",Expert training and guidance
Pet Sitting (Day),care,walking,Daytime pet sitting at your home or sitter's home.,Personalized care in familiar surroundings
Overnight Pet Sitting,care,walking,Overnight care at your home with bedtime routine and morning walks.,Personalized care in familiar surroundings
Vet Visit Coordination,care,health,"We find the right vet, book the appointment, and manage your records.",Professional health care and prevention
Emergency Support Line,care,health,24/7 emergency support with vet locator and transport coordination.,Expert help when you need it most
Senior Pet Wellness Check,care,health,Comprehensive wellness assessment for senior pets (7+ years).,Professional care for your companion
Home Vet Visit,care,vet,Veterinarian visits your home for check-up and basic treatments.,Professional health care and prevention
Wellness Check-up,care,wellness,Complete health screening with blood work and physical examination.,Professional care for your companion
Spa Day Experience,care,premium,Luxury spa treatment with aromatherapy and massage,Relaxation and pampering they deserve
Full Grooming Session,care,,"Complete grooming including bath, haircut, nail trim, ear cleaning",Professional grooming tailored to your dog's coat type
Bath & Brush,care,,Refreshing bath with coat-appropriate shampoo and thorough brushing,"Refreshing bath for a clean, happy pup"
Nail Trim & Paw Care,care,,Professional nail trimming with paw pad moisturizing,Keep paws healthy and comfortable
Dental Cleaning,care,,Professional teeth cleaning and oral health check,Maintain fresh breath and healthy teeth
Luxury Spa Day,care,,"Premium spa experience with massage, aromatherapy, and special treatments",Ultimate pampering for your precious companion
Wellness Check-up,care,,Comprehensive health examination by licensed veterinarian,"Preventive care for a healthy, happy life"
Vaccination Package,care,,Core vaccinations with health certificate,Keep your companion protected and healthy
Home Vet Visit,care,,Veterinarian comes to your home for check-up or treatment,Convenient care in familiar surroundings
Daycare,stay,,Supervised play and socialization during work hours,"Safe, supervised fun while you're at work"
Standard Boarding,stay,,Comfortable overnight stay with care and attention,A home away from home for your companion
Luxury Suite Boarding,stay,,Premium private suite with extra amenities and attention,VIP treatment for your special companion
In-Home Pet Sitting,stay,,Caretaker stays at your home with your pet,Your pet stays home while you travel
Puppy Training Basics,learn,,Foundation training for puppies 8-16 weeks,Build a strong foundation for lifelong good behavior
Obedience Training,learn,,Advanced commands and behavior refinement,Transform your dog into a well-mannered companion
Agility Training,learn,,Fun obstacle course training for fitness and bonding,Fun exercise that strengthens your bond
Swimming Session,fit,,Supervised pool time for exercise and fun,Low-impact exercise that's easy on joints
Hydrotherapy,fit,,Therapeutic water exercise for recovery or arthritis,Therapeutic exercise for recovery and mobility
Fitness Assessment,fit,,Complete fitness evaluation with personalized plan,Customized fitness plan for your dog's needs
Professional Dog Walking,fit,,Regular walks by trained professionals,Daily exercise and fresh air for your companion
Pet Taxi,travel,,"Safe transport for vet visits, grooming, or playdates","Safe, stress-free transportation"
Airport Transfer,travel,,Pet pickup/drop for flights with documentation assistance,Seamless airport experience for your pet
Birthday Party,celebrate,,Complete birthday celebration for your pet,Make their special day unforgettable
Professional Pet Photography,celebrate,,Studio or outdoor photo session,Professional portraits of your precious companion
Nutrition Consultation,advisory,,Expert advice on diet and feeding,Personalized nutrition plan for optimal health
Breed Selection Counseling,advisory,,Expert guidance on choosing the right breed,Find your perfect companion match
New Puppy Preparation,advisory,,Everything you need to know before bringing puppy home,Set up for success from day one
24/7 Pet Emergency Helpline,emergency,,Round-the-clock expert guidance for emergencies,Immediate expert help when you need it most
Emergency Pet Transport,emergency,,Rapid transport to nearest emergency vet,"Fast, safe transport when every minute counts"
Pet First Aid Course,emergency,,Learn to handle pet emergencies at home,Be prepared to save your pet's life
Dignified Cremation,farewell,,Respectful cremation with ashes return,A dignified farewell for your beloved companion
Adoption Counseling,adopt,,Expert guidance through the adoption process,"Make an informed, confident adoption decision"
Home Readiness Check,adopt,,Ensure your home is ready for your new pet,Prepare your home for your new family member
Foster-to-Adopt Program,adopt,,Trial period before permanent adoption,Try before you commit to ensure the perfect match
Pet Registration Assistance,paperwork,,Help with municipal pet registration,Hassle-free compliance with local regulations
Microchipping,paperwork,,Permanent ID chip for your pet's safety,Peace of mind if your pet ever gets lost
Pet Passport Service,paperwork,,Complete documentation for international travel,All papers in order for worry-free travel
