base_price,breed_tags,category,created_at,description,dietary_flags,id,image,image_url,in_stock,is_active,is_synced_from_service,name,pillar,price,primary_pillar,product_id,product_type,secondary_pillars,size_tags,source_service_id,status,sync_timestamp,tags,updated_at
,['indie'],assessment,2026-02-27T16:08:48.453879+00:00,Comprehensive fitness evaluation with personalised exercise programme.,,prod-svc-fit-assessment,https://images.unsplash.com/photo-1587300003388-59208cc962cb?w=800,https://images.unsplash.com/photo-1587300003388-59208cc962cb?w=800,True,,True,Fitness Assessment & Programme Design,fit,2499,,,service,,['all_sizes'],svc-fit-assessment,active,2026-02-27T16:08:48.453867+00:00,[],2026-02-27T16:08:48.453870+00:00
,['all_breeds'],training,2026-02-27T16:08:48.476407+00:00,One-on-one training sessions with a certified canine fitness trainer.,,prod-svc-fit-training,https://images.unsplash.com/photo-1601758003122-53c40e686a19?w=800,https://images.unsplash.com/photo-1601758003122-53c40e686a19?w=800,True,,True,Personal Training Programme - 8 Weeks,fit,7999,,,service,,['all_sizes'],svc-fit-training,active,2026-02-27T16:08:48.476385+00:00,[],2026-02-27T16:08:48.476390+00:00
,['all_breeds'],weight,2026-02-27T16:08:48.476877+00:00,Structured weight loss/gain programme with nutritionist support.,,prod-svc-fit-weight,https://images.unsplash.com/photo-1546815693-7533bae19894?w=800,https://images.unsplash.com/photo-1546815693-7533bae19894?w=800,True,,True,Weight Management Programme,fit,5999,,,service,,['all_sizes'],svc-fit-weight,active,2026-02-27T16:08:48.476864+00:00,[],2026-02-27T16:08:48.476867+00:00
,['all_breeds'],therapy,2026-02-27T16:08:48.477251+00:00,Low-impact aquatic therapy for rehabilitation and fitness.,,prod-svc-fit-hydro,https://images.unsplash.com/photo-1560743641-3914f2c45636?w=800,https://images.unsplash.com/photo-1560743641-3914f2c45636?w=800,True,,True,Hydrotherapy Sessions,fit,1499,,,service,,['all_sizes'],svc-fit-hydro,active,2026-02-27T16:08:48.477241+00:00,[],2026-02-27T16:08:48.477243+00:00
,['indie'],senior,2026-02-27T16:08:48.477647+00:00,Gentle exercises designed for older dogs to maintain mobility.,,prod-svc-fit-senior,https://images.unsplash.com/photo-1587300003388-59208cc962cb?w=800,https://images.unsplash.com/photo-1587300003388-59208cc962cb?w=800,True,,True,Senior Mobility Programme,fit,4999,,,service,,['all_sizes'],svc-fit-senior,active,2026-02-27T16:08:48.477637+00:00,[],2026-02-27T16:08:48.477638+00:00
,['all_breeds'],puppy,2026-02-27T16:08:48.478003+00:00,Age-appropriate exercises and socialisation for growing pups.,,prod-svc-fit-puppy,https://images.unsplash.com/photo-1601758003122-53c40e686a19?w=800,https://images.unsplash.com/photo-1601758003122-53c40e686a19?w=800,True,,True,Puppy Development Programme,fit,3999,,,service,,['all_sizes'],svc-fit-puppy,active,2026-02-27T16:08:48.477992+00:00,[],2026-02-27T16:08:48.477994+00:00
,['all_breeds'],training,2026-02-27T16:08:48.478320+00:00,Introduction to agility training for dogs of all skill levels.,,prod-svc-fit-agility,https://images.unsplash.com/photo-1546815693-7533bae19894?w=800,https://images.unsplash.com/photo-1546815693-7533bae19894?w=800,True,,True,Agility Foundation Course,fit,4499,,,service,,['all_sizes'],svc-fit-agility,active,2026-02-27T16:08:48.478310+00:00,[],2026-02-27T16:08:48.478312+00:00
,['all_breeds'],wellness,2026-02-27T16:08:48.478627+00:00,Relaxing yoga session for you and your dog to bond and de-stress.,,prod-svc-fit-yoga,https://images.unsplash.com/photo-1587300003388-59208cc962cb?w=800,https://images.unsplash.com/photo-1587300003388-59208cc962cb?w=800,True,,True,Canine Yoga (Doga) Session,fit,799,,,service,,['all_sizes'],svc-fit-yoga,active,2026-02-27T16:08:48.478617+00:00,[],2026-02-27T16:08:48.478619+00:00
,['all_breeds'],grooming,2026-02-27T16:08:48.478950+00:00,"Full grooming service including bath, haircut, nail trim, and ear cleaning.",,prod-svc-care-grooming,https://images.unsplash.com/photo-1516734212186-a967f81ad0d7?w=800,https://images.unsplash.com/photo-1516734212186-a967f81ad0d7?w=800,True,,True,Premium Grooming Session,care,1499,,,service,,['all_sizes'],svc-care-grooming,active,2026-02-27T16:08:48.478941+00:00,[],2026-02-27T16:08:48.478943+00:00
,['all_breeds'],vet,2026-02-27T16:08:48.479254+00:00,Licensed veterinarian visits your home for check-ups and consultations.,,prod-svc-care-vet,https://images.unsplash.com/photo-1548199973-03cce0bbc87b?w=800,https://images.unsplash.com/photo-1548199973-03cce0bbc87b?w=800,True,,True,Vet Consultation at Home,care,1999,,,service,,['all_sizes'],svc-care-vet,active,2026-02-27T16:08:48.479244+00:00,[],2026-02-27T16:08:48.479246+00:00
,['all_breeds'],sitting,2026-02-27T16:08:48.479644+00:00,Professional pet sitter cares for your pet at your home.,,prod-svc-care-sitting,https://images.unsplash.com/photo-1587300003388-59208cc962cb?w=800,https://images.unsplash.com/photo-1587300003388-59208cc962cb?w=800,True,,True,Pet Sitting (Daily),care,799,,,service,,['all_sizes'],svc-care-sitting,active,2026-02-27T16:08:48.479634+00:00,[],2026-02-27T16:08:48.479636+00:00
,['all_breeds'],feed,2026-02-27T16:08:48.479964+00:00,One-on-one consultation with a certified pet nutritionist for personalized diet planning.,,prod-svc-care-nutrition-consult,https://images.unsplash.com/photo-1589924691995-400dc9ecc119?w=800,https://images.unsplash.com/photo-1589924691995-400dc9ecc119?w=800,True,,True,Nutrition Consultation,care,1499,,,service,,['all_sizes'],svc-care-nutrition-consult,active,2026-02-27T16:08:48.479954+00:00,[],2026-02-27T16:08:48.479956+00:00
,['all_breeds'],feed,2026-02-27T16:08:48.480283+00:00,Structured weight loss or gain programme with nutritionist guidance and progress tracking.,,prod-svc-care-weight-management,https://images.unsplash.com/photo-1587300003388-59208cc962cb?w=800,https://images.unsplash.com/photo-1587300003388-59208cc962cb?w=800,True,,True,Weight Management Programme,care,3999,,,service,,['all_sizes'],svc-care-weight-management,active,2026-02-27T16:08:48.480274+00:00,[],2026-02-27T16:08:48.480276+00:00
,['all_breeds'],feed,2026-02-27T16:08:48.480584+00:00,Specialized diet planning for pets with food allergies or sensitivities.,,prod-svc-care-allergy-diet,https://images.unsplash.com/photo-1601758003122-53c40e686a19?w=800,https://images.unsplash.com/photo-1601758003122-53c40e686a19?w=800,True,,True,Allergy-Safe Diet Planning,care,2499,,,service,,['all_sizes'],svc-care-allergy-diet,active,2026-02-27T16:08:48.480574+00:00,[],2026-02-27T16:08:48.480576+00:00
,['all_breeds'],feed,2026-02-27T16:08:48.480921+00:00,Age-appropriate nutrition guidance for growing puppies from weaning to adulthood.,,prod-svc-care-puppy-nutrition,https://images.unsplash.com/photo-1587300003388-59208cc962cb?w=800,https://images.unsplash.com/photo-1587300003388-59208cc962cb?w=800,True,,True,Puppy Nutrition Programme,care,1999,,,service,,['all_sizes'],svc-care-puppy-nutrition,active,2026-02-27T16:08:48.480911+00:00,[],2026-02-27T16:08:48.480914+00:00
,['all_breeds'],feed,2026-02-27T16:08:48.481226+00:00,Specialized nutrition support for aging pets to maintain health and vitality.,,prod-svc-care-senior-nutrition,https://images.unsplash.com/photo-1587300003388-59208cc962cb?w=800,https://images.unsplash.com/photo-1587300003388-59208cc962cb?w=800,True,,True,Senior Pet Nutrition,care,1999,,,service,,['all_sizes'],svc-care-senior-nutrition,active,2026-02-27T16:08:48.481217+00:00,[],2026-02-27T16:08:48.481219+00:00
,['all_breeds'],feed,2026-02-27T16:08:48.481540+00:00,Help sourcing and managing prescription diets for pets with medical conditions.,,prod-svc-care-prescription-diet,https://images.unsplash.com/photo-1587300003388-59208cc962cb?w=800,https://images.unsplash.com/photo-1587300003388-59208cc962cb?w=800,True,,True,Prescription Diet Coordination,care,999,,,service,,['all_sizes'],svc-care-prescription-diet,active,2026-02-27T16:08:48.481530+00:00,[],2026-02-27T16:08:48.481532+00:00
,['all_breeds'],party,2026-02-27T16:08:48.481836+00:00,Complete party planning service for your pet's special day. We handle everything from venue to cake!,,prod-svc-celebrate-party,https://images.unsplash.com/photo-1558961363-fa8fdf82db35?w=800,https://images.unsplash.com/photo-1558961363-fa8fdf82db35?w=800,True,,True,Birthday Party Planning,celebrate,4999,,,service,,['all_sizes'],svc-celebrate-party,active,2026-02-27T16:08:48.481827+00:00,[],2026-02-27T16:08:48.481829+00:00
,['all_breeds'],photography,2026-02-27T16:08:48.482144+00:00,Studio or outdoor photoshoot with professional pet photographer. Create lasting memories!,,prod-svc-celebrate-photoshoot,https://images.unsplash.com/photo-1587300003388-59208cc962cb?w=800,https://images.unsplash.com/photo-1587300003388-59208cc962cb?w=800,True,,True,Professional Pet Photoshoot,celebrate,3499,,,service,,['all_sizes'],svc-celebrate-photoshoot,active,2026-02-27T16:08:48.482135+00:00,[],2026-02-27T16:08:48.482136+00:00
,['indie'],consultation,2026-02-27T16:08:48.482436+00:00,One-on-one consultation with our cake designer to create the perfect custom cake.,,prod-svc-celebrate-cake-consult,https://images.unsplash.com/photo-1558961363-fa8fdf82db35?w=800,https://images.unsplash.com/photo-1558961363-fa8fdf82db35?w=800,True,,True,Custom Cake Consultation,celebrate,499,,,service,,['all_sizes'],svc-celebrate-cake-consult,active,2026-02-27T16:08:48.482426+00:00,[],2026-02-27T16:08:48.482428+00:00
,['all_breeds'],premium,2026-02-27T16:08:48.482744+00:00,"The ultimate celebration package - cake, treats, photoshoot, decorations & party coordination!",,prod-svc-celebrate-pawty-package,https://images.unsplash.com/photo-1530041539828-114de669390e?w=800,https://images.unsplash.com/photo-1530041539828-114de669390e?w=800,True,,True,Pawty Package (Full Celebration),celebrate,9999,,,service,,['all_sizes'],svc-celebrate-pawty-package,active,2026-02-27T16:08:48.482734+00:00,[],2026-02-27T16:08:48.482736+00:00
,['all_breeds'],gotcha,2026-02-27T16:08:48.483036+00:00,Celebrate your pet's adoption anniversary with a special gotcha day package.,,prod-svc-celebrate-gotcha,https://images.unsplash.com/photo-1601758003122-53c40e686a19?w=800,https://images.unsplash.com/photo-1601758003122-53c40e686a19?w=800,True,,True,Gotcha Day Celebration,celebrate,2499,,,service,,['all_sizes'],svc-celebrate-gotcha,active,2026-02-27T16:08:48.483026+00:00,[],2026-02-27T16:08:48.483028+00:00
,['all_breeds'],surprise,2026-02-27T16:08:48.483329+00:00,Send surprise treats and gifts to any pet parent! We deliver joy anywhere.,,prod-svc-celebrate-surprise,https://images.unsplash.com/photo-1518882605630-8eb723e8e0b4?w=800,https://images.unsplash.com/photo-1518882605630-8eb723e8e0b4?w=800,True,,True,Surprise Delivery Service,celebrate,1499,,,service,,['all_sizes'],svc-celebrate-surprise,active,2026-02-27T16:08:48.483320+00:00,[],2026-02-27T16:08:48.483322+00:00
,['all_breeds'],milestone,2026-02-27T16:08:48.483609+00:00,"Celebrate your pet's milestones - first walk, 1 year, 100 treats, weight goals and more!",,prod-svc-celebrate-milestone,https://images.unsplash.com/photo-1587300003388-59208cc962cb?w=800,https://images.unsplash.com/photo-1587300003388-59208cc962cb?w=800,True,,True,Milestone Celebration Kit,celebrate,1999,,,service,,['all_sizes'],svc-celebrate-milestone,active,2026-02-27T16:08:48.483600+00:00,[],2026-02-27T16:08:48.483602+00:00
,['all_breeds'],venue,2026-02-27T16:08:48.483919+00:00,We find and book the perfect pet-friendly venue for your celebration.,,prod-svc-celebrate-venue,https://images.unsplash.com/photo-1566073771259-6a8506099945?w=800,https://images.unsplash.com/photo-1566073771259-6a8506099945?w=800,True,,True,Pet-Friendly Venue Booking,celebrate,999,,,service,,['all_sizes'],svc-celebrate-venue,active,2026-02-27T16:08:48.483909+00:00,[],2026-02-27T16:08:48.483911+00:00
,['all_breeds'],insure,2026-02-27T16:08:48.484207+00:00,Get quotes from multiple pet insurance providers and find the best coverage for your pet.,,prod-svc-insure-quote,https://images.unsplash.com/photo-1450101499163-c8848c66ca85?w=800,https://images.unsplash.com/photo-1450101499163-c8848c66ca85?w=800,True,,True,Pet Insurance Quote Comparison,paperwork,0,,,service,,['all_sizes'],svc-insure-quote,active,2026-02-27T16:08:48.484198+00:00,[],2026-02-27T16:08:48.484199+00:00
,['all_breeds'],insure,2026-02-27T16:08:48.484499+00:00,Expert review of your current pet insurance policy to ensure you have the best coverage.,,prod-svc-insure-review,https://images.unsplash.com/photo-1554224155-6726b3ff858f?w=800,https://images.unsplash.com/photo-1554224155-6726b3ff858f?w=800,True,,True,Policy Review & Optimization,paperwork,499,,,service,,['all_sizes'],svc-insure-review,active,2026-02-27T16:08:48.484490+00:00,[],2026-02-27T16:08:48.484492+00:00
,['all_breeds'],insure,2026-02-27T16:08:48.484789+00:00,Professional help filing and tracking your pet insurance claims for faster reimbursement.,,prod-svc-insure-claim,https://images.unsplash.com/photo-1554224155-8d04cb21cd6c?w=800,https://images.unsplash.com/photo-1554224155-8d04cb21cd6c?w=800,True,,True,Claim Filing Assistance,paperwork,299,,,service,,['all_sizes'],svc-insure-claim,active,2026-02-27T16:08:48.484779+00:00,[],2026-02-27T16:08:48.484781+00:00
,['all_breeds'],insure,2026-02-27T16:08:48.485100+00:00,Never miss a renewal with automated reminders and assistance with policy renewals.,,prod-svc-insure-renewal,https://images.unsplash.com/photo-1554224155-6726b3ff858f?w=800,https://images.unsplash.com/photo-1554224155-6726b3ff858f?w=800,True,,True,Renewal Management Service,paperwork,199,,,service,,['all_sizes'],svc-insure-renewal,active,2026-02-27T16:08:48.485090+00:00,[],2026-02-27T16:08:48.485092+00:00
,['all_breeds'],insure,2026-02-27T16:08:48.485386+00:00,"End-to-end insurance management - from quote to claims, we handle it all.",,prod-svc-insure-bundle,https://images.unsplash.com/photo-1450101499163-c8848c66ca85?w=800,https://images.unsplash.com/photo-1450101499163-c8848c66ca85?w=800,True,,True,Complete Insurance Package,paperwork,999,,,service,,['all_sizes'],svc-insure-bundle,active,2026-02-27T16:08:48.485376+00:00,[],2026-02-27T16:08:48.485378+00:00
,['all_breeds'],service,2026-02-27T16:08:48.485703+00:00,Complete birthday planning and execution at your home,,prod-SVC-CELEB-BDAY-HOME,,,True,,True,Birthday Party - Home,celebrate,5000,,,service,,['all_sizes'],SVC-CELEB-BDAY-HOME,active,2026-02-27T16:08:48.485694+00:00,[],2026-02-27T16:08:48.485696+00:00
,['all_breeds'],service,2026-02-27T16:08:48.485994+00:00,Birthday celebration at a pet-friendly venue,,prod-SVC-CELEB-BDAY-VENUE,,,True,,True,Birthday Party - Venue,celebrate,8000,,,service,,['all_sizes'],SVC-CELEB-BDAY-VENUE,active,2026-02-27T16:08:48.485985+00:00,[],2026-02-27T16:08:48.485986+00:00
,['all_breeds'],service,2026-02-27T16:08:48.486294+00:00,Celebrate your pet's adoption anniversary,,prod-SVC-CELEB-GOTCHA,,,True,,True,Gotcha Day Celebration,celebrate,3000,,,service,,['all_sizes'],SVC-CELEB-GOTCHA,active,2026-02-27T16:08:48.486285+00:00,[],2026-02-27T16:08:48.486287+00:00
,['all_breeds'],service,2026-02-27T16:08:48.486587+00:00,"First travel, senior years, recovery milestones",,prod-SVC-CELEB-MILESTONE,,,True,,True,Milestone Celebration,celebrate,,,,service,,['all_sizes'],SVC-CELEB-MILESTONE,active,2026-02-27T16:08:48.486578+00:00,[],2026-02-27T16:08:48.486579+00:00
,['all_breeds'],service,2026-02-27T16:08:48.486908+00:00,"Diwali, Christmas, Holi celebrations with your pet",,prod-SVC-CELEB-FESTIVE,,,True,,True,Festive Celebration Planning,celebrate,4000,,,service,,['all_sizes'],SVC-CELEB-FESTIVE,active,2026-02-27T16:08:48.486898+00:00,[],2026-02-27T16:08:48.486901+00:00
,['all_breeds'],service,2026-02-27T16:08:48.487196+00:00,Surprise party or gift coordination for pet parents,,prod-SVC-CELEB-SURPRISE,,,True,,True,Surprise Coordination,celebrate,,,,service,,['all_sizes'],SVC-CELEB-SURPRISE,active,2026-02-27T16:08:48.487187+00:00,[],2026-02-27T16:08:48.487188+00:00
,['all_breeds'],service,2026-02-27T16:08:48.487519+00:00,"Automated reminders for birthdays, gotcha days, milestones",,prod-SVC-CELEB-REMINDERS,,,True,,True,Life Moment Tracking,celebrate,0,,,service,,['all_sizes'],SVC-CELEB-REMINDERS,active,2026-02-27T16:08:48.487506+00:00,[],2026-02-27T16:08:48.487509+00:00
,['all_breeds'],service,2026-02-27T16:08:48.487863+00:00,Find the perfect restaurant that welcomes your pet,,prod-SVC-DINE-DISCOVER,,,True,,True,Pet-Friendly Restaurant Discovery,dine,0,,,service,,['all_sizes'],SVC-DINE-DISCOVER,active,2026-02-27T16:08:48.487851+00:00,[],2026-02-27T16:08:48.487853+00:00
,['all_breeds'],service,2026-02-27T16:08:48.488176+00:00,We confirm pet acceptance and make the reservation,,prod-SVC-DINE-RESERVE,,,True,,True,Reservation Assistance,dine,200,,,service,,['all_sizes'],SVC-DINE-RESERVE,active,2026-02-27T16:08:48.488167+00:00,[],2026-02-27T16:08:48.488168+00:00
,['all_breeds'],service,2026-02-27T16:08:48.488471+00:00,Tips and training for dining out with your pet,,prod-SVC-DINE-ETIQUETTE,,,True,,True,Dining Etiquette Guidance,dine,500,,,service,,['all_sizes'],SVC-DINE-ETIQUETTE,active,2026-02-27T16:08:48.488462+00:00,[],2026-02-27T16:08:48.488464+00:00
,['all_breeds'],service,2026-02-27T16:08:48.488791+00:00,Breed and size suitability check for venues,,prod-SVC-DINE-ADVISORY,,,True,,True,Venue Suitability Advisory,dine,0,,,service,,['all_sizes'],SVC-DINE-ADVISORY,active,2026-02-27T16:08:48.488781+00:00,[],2026-02-27T16:08:48.488783+00:00
,['all_breeds'],service,2026-02-27T16:08:48.489100+00:00,Alternative options if plans change last minute,,prod-SVC-DINE-BACKUP,,,True,,True,Backup Dining Alternatives,dine,,,,service,,['all_sizes'],SVC-DINE-BACKUP,active,2026-02-27T16:08:48.489090+00:00,[],2026-02-27T16:08:48.489092+00:00
,['all_breeds'],service,2026-02-27T16:08:48.489405+00:00,Find hotels and resorts that welcome your pet,,prod-SVC-STAY-DISCOVER,,,True,,True,Pet-Friendly Hotel Discovery,stay,0,,,service,,['all_sizes'],SVC-STAY-DISCOVER,active,2026-02-27T16:08:48.489395+00:00,[],2026-02-27T16:08:48.489397+00:00
,['all_breeds'],service,2026-02-27T16:08:48.489689+00:00,"Verify breed, size, and number restrictions",,prod-SVC-STAY-VERIFY,,,True,,True,Property Rule Verification,stay,300,,,service,,['all_sizes'],SVC-STAY-VERIFY,active,2026-02-27T16:08:48.489679+00:00,[],2026-02-27T16:08:48.489681+00:00
,['all_breeds'],service,2026-02-27T16:08:48.490001+00:00,Recommend the right room type for your pet,,prod-SVC-STAY-ADVISORY,,,True,,True,Room Suitability Advisory,stay,0,,,service,,['all_sizes'],SVC-STAY-ADVISORY,active,2026-02-27T16:08:48.489990+00:00,[],2026-02-27T16:08:48.489993+00:00
,['all_breeds'],service,2026-02-27T16:08:48.490294+00:00,Serviced apartments and extended stay planning,,prod-SVC-STAY-LONGTERM,,,True,,True,Long-Stay Assistance,stay,,,,service,,['all_sizes'],SVC-STAY-LONGTERM,active,2026-02-27T16:08:48.490284+00:00,[],2026-02-27T16:08:48.490286+00:00
,['all_breeds'],service,2026-02-27T16:08:48.490594+00:00,"When hotel stays aren't possible, we find boarding",,prod-SVC-STAY-BOARDING,,,True,,True,Boarding Alternatives,stay,800,,,service,,['all_sizes'],SVC-STAY-BOARDING,active,2026-02-27T16:08:48.490584+00:00,[],2026-02-27T16:08:48.490586+00:00
,['all_breeds'],service,2026-02-27T16:08:48.490938+00:00,Route-specific pet policy guidance,,prod-SVC-TRAVEL-AIRLINE,,,True,,True,Airline Policy Interpretation,travel,500,,,service,,['all_sizes'],SVC-TRAVEL-AIRLINE,active,2026-02-27T16:08:48.490929+00:00,[],2026-02-27T16:08:48.490931+00:00
,['all_breeds'],service,2026-02-27T16:08:48.491261+00:00,Feasibility check based on pet size and route,,prod-SVC-TRAVEL-CABIN-CARGO,,,True,,True,Cabin vs Cargo Advisory,travel,300,,,service,,['all_sizes'],SVC-TRAVEL-CABIN-CARGO,active,2026-02-27T16:08:48.491252+00:00,[],2026-02-27T16:08:48.491254+00:00
,['all_breeds'],service,2026-02-27T16:08:48.491556+00:00,Complete road trip or train journey planning,,prod-SVC-TRAVEL-ROAD-RAIL,,,True,,True,Train & Road Travel Planning,travel,800,,,service,,['all_sizes'],SVC-TRAVEL-ROAD-RAIL,active,2026-02-27T16:08:48.491547+00:00,[],2026-02-27T16:08:48.491549+00:00
,['all_breeds'],service,2026-02-27T16:08:48.491877+00:00,Pet rules and requirements at your destination,,prod-SVC-TRAVEL-DESTINATION,,,True,,True,Destination Pet Rules,travel,400,,,service,,['all_sizes'],SVC-TRAVEL-DESTINATION,active,2026-02-27T16:08:48.491867+00:00,[],2026-02-27T16:08:48.491869+00:00
,['all_breeds'],service,2026-02-27T16:08:48.492171+00:00,Complete domestic move with your pet,,prod-SVC-TRAVEL-RELOCATE-DOM,,,True,,True,Domestic Relocation Planning,travel,5000,,,service,,['all_sizes'],SVC-TRAVEL-RELOCATE-DOM,active,2026-02-27T16:08:48.492161+00:00,[],2026-02-27T16:08:48.492163+00:00
,['all_breeds'],service,2026-02-27T16:08:48.492487+00:00,International move with quarantine and documentation,,prod-SVC-TRAVEL-RELOCATE-INTL,,,True,,True,International Relocation,travel,15000,,,service,,['all_sizes'],SVC-TRAVEL-RELOCATE-INTL,active,2026-02-27T16:08:48.492478+00:00,[],2026-02-27T16:08:48.492479+00:00
,['all_breeds'],service,2026-02-27T16:08:48.492785+00:00,Airport handling and transit coordination,,prod-SVC-TRAVEL-TRANSIT,,,True,,True,Transit & Handling Guidance,travel,1000,,,service,,['all_sizes'],SVC-TRAVEL-TRANSIT,active,2026-02-27T16:08:48.492775+00:00,[],2026-02-27T16:08:48.492777+00:00
,['all_breeds'],service,2026-02-27T16:08:48.493098+00:00,General health checkup and consultation,,prod-SVC-CARE-VET-GENERAL,,,True,,True,Vet Consultation - General,care,600,,,service,,['all_sizes'],SVC-CARE-VET-GENERAL,active,2026-02-27T16:08:48.493088+00:00,[],2026-02-27T16:08:48.493090+00:00
,['all_breeds'],service,2026-02-27T16:08:48.493387+00:00,"Specialist consultation (dermatology, cardiology, etc.)",,prod-SVC-CARE-VET-SPECIALTY,,,True,,True,Vet Consultation - Specialty,care,1500,,,service,,['all_sizes'],SVC-CARE-VET-SPECIALTY,active,2026-02-27T16:08:48.493377+00:00,[],2026-02-27T16:08:48.493380+00:00
,['all_breeds'],service,2026-02-27T16:08:48.493694+00:00,Vet comes to your home,,prod-SVC-CARE-VET-HOME,,,True,,True,Vet Visit - Home,care,1200,,,service,,['all_sizes'],SVC-CARE-VET-HOME,active,2026-02-27T16:08:48.493685+00:00,[],2026-02-27T16:08:48.493686+00:00
,['all_breeds'],service,2026-02-27T16:08:48.494005+00:00,"Bath, brush, nail trim, ear cleaning",,prod-SVC-CARE-GROOM-BASIC,,,True,,True,Basic Grooming,care,800,,,service,,['all_sizes'],SVC-CARE-GROOM-BASIC,active,2026-02-27T16:08:48.493995+00:00,[],2026-02-27T16:08:48.493997+00:00
,['all_breeds'],service,2026-02-27T16:08:48.494321+00:00,Complete spa experience with massage,,prod-SVC-CARE-GROOM-SPA,,,True,,True,Full Spa Grooming,care,1500,,,service,,['all_sizes'],SVC-CARE-GROOM-SPA,active,2026-02-27T16:08:48.494311+00:00,[],2026-02-27T16:08:48.494313+00:00
,['all_breeds'],service,2026-02-27T16:08:48.494613+00:00,Groomer comes to your home,,prod-SVC-CARE-GROOM-HOME,,,True,,True,Home Grooming,care,1200,,,service,,['all_sizes'],SVC-CARE-GROOM-HOME,active,2026-02-27T16:08:48.494604+00:00,[],2026-02-27T16:08:48.494605+00:00
,['all_breeds'],service,2026-02-27T16:08:48.494933+00:00,"Vaccination, deworming, health check reminders",,prod-SVC-CARE-PREVENT,,,True,,True,Preventive Care Reminders,care,0,,,service,,['all_sizes'],SVC-CARE-PREVENT,active,2026-02-27T16:08:48.494921+00:00,[],2026-02-27T16:08:48.494924+00:00
,['all_breeds'],service,2026-02-27T16:08:48.495239+00:00,Non-medical diet and nutrition planning,,prod-SVC-CARE-NUTRITION,,,True,,True,Nutrition Guidance,care,800,,,service,,['all_sizes'],SVC-CARE-NUTRITION,active,2026-02-27T16:08:48.495229+00:00,[],2026-02-27T16:08:48.495231+00:00
,['all_breeds'],service,2026-02-27T16:08:48.495674+00:00,Post-surgery or treatment care coordination,,prod-SVC-CARE-RECOVERY,,,True,,True,Recovery Care Coordination,care,,,,service,,['all_sizes'],SVC-CARE-RECOVERY,active,2026-02-27T16:08:48.495665+00:00,[],2026-02-27T16:08:48.495667+00:00
,['all_breeds'],service,2026-02-27T16:08:48.496015+00:00,Comprehensive care plan for senior pets,,prod-SVC-CARE-SENIOR,,,True,,True,Senior Pet Care Planning,care,1500,,,service,,['all_sizes'],SVC-CARE-SENIOR,active,2026-02-27T16:08:48.496005+00:00,[],2026-02-27T16:08:48.496007+00:00
,['all_breeds'],service,2026-02-27T16:08:48.496346+00:00,Find dog parks and open spaces near you,,prod-SVC-ENJOY-PARKS,,,True,,True,Pet Parks Discovery,enjoy,0,,,service,,['all_sizes'],SVC-ENJOY-PARKS,active,2026-02-27T16:08:48.496336+00:00,[],2026-02-27T16:08:48.496338+00:00
,['all_breeds'],service,2026-02-27T16:08:48.496654+00:00,Arrange playdates with compatible dogs,,prod-SVC-ENJOY-PLAYDATE,,,True,,True,Playdate Coordination,enjoy,300,,,service,,['all_sizes'],SVC-ENJOY-PLAYDATE,active,2026-02-27T16:08:48.496644+00:00,[],2026-02-27T16:08:48.496646+00:00
,['all_breeds'],service,2026-02-27T16:08:48.496984+00:00,"Pet-friendly events, meetups, experiences",,prod-SVC-ENJOY-EVENTS,,,True,,True,Pet Events & Experiences,enjoy,500,,,service,,['all_sizes'],SVC-ENJOY-EVENTS,active,2026-02-27T16:08:48.496974+00:00,[],2026-02-27T16:08:48.496976+00:00
,['all_breeds'],service,2026-02-27T16:08:48.497308+00:00,Structured socialisation for puppies and shy dogs,,prod-SVC-ENJOY-SOCIAL,,,True,,True,Socialisation Planning,enjoy,800,,,service,,['all_sizes'],SVC-ENJOY-SOCIAL,active,2026-02-27T16:08:48.497298+00:00,[],2026-02-27T16:08:48.497300+00:00
,['all_breeds'],service,2026-02-27T16:08:48.497640+00:00,Complete weekend activity plan with your pet,,prod-SVC-ENJOY-WEEKEND,,,True,,True,Weekend Outing Planning,enjoy,400,,,service,,['all_sizes'],SVC-ENJOY-WEEKEND,active,2026-02-27T16:08:48.497631+00:00,[],2026-02-27T16:08:48.497633+00:00
,['all_breeds'],service,2026-02-27T16:08:48.498001+00:00,Daily dog walking service,,prod-SVC-FIT-WALK-DAILY,,,True,,True,Dog Walking - Daily,fit,300,,,service,,['all_sizes'],SVC-FIT-WALK-DAILY,active,2026-02-27T16:08:48.497991+00:00,[],2026-02-27T16:08:48.497993+00:00
,['all_breeds'],service,2026-02-27T16:08:48.498321+00:00,30 walks per month,,prod-SVC-FIT-WALK-MONTHLY,,,True,,True,Dog Walking - Monthly Package,fit,6000,,,service,,['all_sizes'],SVC-FIT-WALK-MONTHLY,active,2026-02-27T16:08:48.498312+00:00,[],2026-02-27T16:08:48.498314+00:00
,['all_breeds'],service,2026-02-27T16:08:48.498645+00:00,Customized exercise routine for your breed,,prod-SVC-FIT-ACTIVITY,,,True,,True,Breed-Appropriate Activity Plan,fit,1000,,,service,,['all_sizes'],SVC-FIT-ACTIVITY,active,2026-02-27T16:08:48.498635+00:00,[],2026-02-27T16:08:48.498637+00:00
,['all_breeds'],service,2026-02-27T16:08:48.498986+00:00,Exercise plans for apartment living,,prod-SVC-FIT-INDOOR,,,True,,True,Indoor Exercise Routines,fit,800,,,service,,['all_sizes'],SVC-FIT-INDOOR,active,2026-02-27T16:08:48.498977+00:00,[],2026-02-27T16:08:48.498979+00:00
,['all_breeds'],service,2026-02-27T16:08:48.499317+00:00,Guided outdoor exercise and play,,prod-SVC-FIT-OUTDOOR,,,True,,True,Outdoor Exercise Sessions,fit,500,,,service,,['all_sizes'],SVC-FIT-OUTDOOR,active,2026-02-27T16:08:48.499308+00:00,[],2026-02-27T16:08:48.499310+00:00
,['all_breeds'],service,2026-02-27T16:08:48.499630+00:00,Non-medical weight loss/gain support,,prod-SVC-FIT-WEIGHT,,,True,,True,Weight Management Program,fit,2500,,,service,,['all_sizes'],SVC-FIT-WEIGHT,active,2026-02-27T16:08:48.499621+00:00,[],2026-02-27T16:08:48.499623+00:00
,['all_breeds'],service,2026-02-27T16:08:48.499952+00:00,Gentle exercise for senior dogs,,prod-SVC-FIT-SENIOR,,,True,,True,Senior Mobility Planning,fit,1200,,,service,,['all_sizes'],SVC-FIT-SENIOR,active,2026-02-27T16:08:48.499942+00:00,[],2026-02-27T16:08:48.499944+00:00
,['all_breeds'],service,2026-02-27T16:08:48.500272+00:00,Hydrotherapy and recreational swimming,,prod-SVC-FIT-SWIM,,,True,,True,Swimming Sessions,fit,1000,,,service,,['all_sizes'],SVC-FIT-SWIM,active,2026-02-27T16:08:48.500263+00:00,[],2026-02-27T16:08:48.500265+00:00
,['all_breeds'],service,2026-02-27T16:08:48.500581+00:00,Everything you need to know as a first-time pet parent,,prod-SVC-LEARN-NEWPARENT,,,True,,True,New Pet Parent Onboarding,learn,1500,,,service,,['all_sizes'],SVC-LEARN-NEWPARENT,active,2026-02-27T16:08:48.500571+00:00,[],2026-02-27T16:08:48.500573+00:00
,['all_breeds'],service,2026-02-27T16:08:48.500915+00:00,Understand your breed's needs and temperament,,prod-SVC-LEARN-BREED,,,True,,True,Breed Education Session,learn,800,,,service,,['all_sizes'],SVC-LEARN-BREED,active,2026-02-27T16:08:48.500905+00:00,[],2026-02-27T16:08:48.500908+00:00
,['all_breeds'],service,2026-02-27T16:08:48.501226+00:00,First 30 days with your new puppy,,prod-SVC-LEARN-PUPPY,,,True,,True,Puppy Transition Guidance,learn,2000,,,service,,['all_sizes'],SVC-LEARN-PUPPY,active,2026-02-27T16:08:48.501216+00:00,[],2026-02-27T16:08:48.501218+00:00
,['all_breeds'],service,2026-02-27T16:08:48.501544+00:00,Understanding and caring for aging pets,,prod-SVC-LEARN-SENIOR,,,True,,True,Senior Pet Care Education,learn,1000,,,service,,['all_sizes'],SVC-LEARN-SENIOR,active,2026-02-27T16:08:48.501534+00:00,[],2026-02-27T16:08:48.501536+00:00
,['all_breeds'],service,2026-02-27T16:08:48.501871+00:00,Learn to read and understand your pet's behavior,,prod-SVC-LEARN-BEHAVIOR,,,True,,True,Behavior Understanding,learn,1200,,,service,,['all_sizes'],SVC-LEARN-BEHAVIOR,active,2026-02-27T16:08:48.501860+00:00,[],2026-02-27T16:08:48.501862+00:00
,['all_breeds'],service,2026-02-27T16:08:48.502194+00:00,"Sit, stay, come, heel basics",,prod-SVC-LEARN-TRAINING-BASIC,,,True,,True,Basic Obedience Training,learn,3000,,,service,,['all_sizes'],SVC-LEARN-TRAINING-BASIC,active,2026-02-27T16:08:48.502184+00:00,[],2026-02-27T16:08:48.502186+00:00
,['all_breeds'],service,2026-02-27T16:08:48.502515+00:00,Advanced commands and tricks,,prod-SVC-LEARN-TRAINING-ADV,,,True,,True,Advanced Training,learn,5000,,,service,,['all_sizes'],SVC-LEARN-TRAINING-ADV,active,2026-02-27T16:08:48.502505+00:00,[],2026-02-27T16:08:48.502507+00:00
,['all_breeds'],service,2026-02-27T16:08:48.502862+00:00,Help with local pet registration,,prod-SVC-PAPER-REGISTER,,,True,,True,Pet Registration Guidance,paperwork,500,,,service,,['all_sizes'],SVC-PAPER-REGISTER,active,2026-02-27T16:08:48.502852+00:00,[],2026-02-27T16:08:48.502854+00:00
,['all_breeds'],service,2026-02-27T16:08:48.503188+00:00,Microchip registration and documentation,,prod-SVC-PAPER-MICROCHIP,,,True,,True,Microchipping Assistance,paperwork,300,,,service,,['all_sizes'],SVC-PAPER-MICROCHIP,active,2026-02-27T16:08:48.503179+00:00,[],2026-02-27T16:08:48.503181+00:00
,['all_breeds'],service,2026-02-27T16:08:48.503521+00:00,Local compliance and licensing guidance,,prod-SVC-PAPER-LICENSE,,,True,,True,Licensing & Compliance,paperwork,400,,,service,,['all_sizes'],SVC-PAPER-LICENSE,active,2026-02-27T16:08:48.503511+00:00,[],2026-02-27T16:08:48.503513+00:00
,['all_breeds'],service,2026-02-27T16:08:48.503851+00:00,"Pet passport, health certificates, NOCs",,prod-SVC-PAPER-TRAVEL,,,True,,True,Travel Documentation,paperwork,1500,,,service,,['all_sizes'],SVC-PAPER-TRAVEL,active,2026-02-27T16:08:48.503841+00:00,[],2026-02-27T16:08:48.503843+00:00
,['all_breeds'],service,2026-02-27T16:08:48.504189+00:00,Help with pet insurance documentation,,prod-SVC-PAPER-INSURANCE,,,True,,True,Insurance Paperwork Advisory,paperwork,300,,,service,,['all_sizes'],SVC-PAPER-INSURANCE,active,2026-02-27T16:08:48.504179+00:00,[],2026-02-27T16:08:48.504181+00:00
,['all_breeds'],service,2026-02-27T16:08:48.504511+00:00,Adoption papers and transfer documentation,,prod-SVC-PAPER-ADOPTION,,,True,,True,Adoption Documentation,paperwork,500,,,service,,['all_sizes'],SVC-PAPER-ADOPTION,active,2026-02-27T16:08:48.504502+00:00,[],2026-02-27T16:08:48.504504+00:00
,['all_breeds'],service,2026-02-27T16:08:48.504849+00:00,Long-term planning for your pet's life,,prod-SVC-ADVISE-LIFE,,,True,,True,Pet Life Planning,advisory,,,,service,,['all_sizes'],SVC-ADVISE-LIFE,active,2026-02-27T16:08:48.504840+00:00,[],2026-02-27T16:08:48.504842+00:00
,['all_breeds'],service,2026-02-27T16:08:48.505164+00:00,Navigate pet rules in housing societies,,prod-SVC-ADVISE-HOUSING,,,True,,True,Housing & Society Advisory,advisory,500,,,service,,['all_sizes'],SVC-ADVISE-HOUSING,active,2026-02-27T16:08:48.505154+00:00,[],2026-02-27T16:08:48.505157+00:00
,['all_breeds'],service,2026-02-27T16:08:48.505487+00:00,Adding another pet to your family,,prod-SVC-ADVISE-MULTI,,,True,,True,Multi-Pet Household Planning,advisory,1000,,,service,,['all_sizes'],SVC-ADVISE-MULTI,active,2026-02-27T16:08:48.505478+00:00,[],2026-02-27T16:08:48.505480+00:00
,['all_breeds'],service,2026-02-27T16:08:48.505819+00:00,Non-clinical behavior concern guidance,,prod-SVC-ADVISE-BEHAVIOR,,,True,,True,Behavior Escalation Pathways,advisory,,,,service,,['all_sizes'],SVC-ADVISE-BEHAVIOR,active,2026-02-27T16:08:48.505806+00:00,[],2026-02-27T16:08:48.505808+00:00
,['all_breeds'],service,2026-02-27T16:08:48.506155+00:00,Planning for your pet's final chapter,,prod-SVC-ADVISE-EOL,,,True,,True,End-of-Life Preparation,advisory,,,,service,,['all_sizes'],SVC-ADVISE-EOL,active,2026-02-27T16:08:48.506146+00:00,[],2026-02-27T16:08:48.506148+00:00
,['all_breeds'],service,2026-02-27T16:08:48.506465+00:00,Find nearest emergency vet immediately,,prod-SVC-EMERG-VET,,,True,,True,Emergency Vet Discovery,emergency,0,,,service,,['all_sizes'],SVC-EMERG-VET,active,2026-02-27T16:08:48.506455+00:00,[],2026-02-27T16:08:48.506458+00:00
,['all_breeds'],service,2026-02-27T16:08:48.506804+00:00,Guidance when regular vets are closed,,prod-SVC-EMERG-AFTER,,,True,,True,After-Hours Care Guidance,emergency,0,,,service,,['medium_breed'],SVC-EMERG-AFTER,active,2026-02-27T16:08:48.506795+00:00,[],2026-02-27T16:08:48.506797+00:00
,['all_breeds'],service,2026-02-27T16:08:48.507156+00:00,Immediate guidance for emergencies,,prod-SVC-EMERG-RESPONSE,,,True,,True,Accident & Poisoning Response,emergency,0,,,service,,['all_sizes'],SVC-EMERG-RESPONSE,active,2026-02-27T16:08:48.507147+00:00,[],2026-02-27T16:08:48.507148+00:00
,['all_breeds'],service,2026-02-27T16:08:48.507482+00:00,Coordination for lost pet recovery,,prod-SVC-EMERG-LOST,,,True,,True,Lost Pet Response,emergency,,,,service,,['all_sizes'],SVC-EMERG-LOST,active,2026-02-27T16:08:48.507472+00:00,[],2026-02-27T16:08:48.507474+00:00
,['all_breeds'],service,2026-02-27T16:08:48.507803+00:00,Emergency pet ambulance coordination,,prod-SVC-EMERG-TRANSPORT,,,True,,True,Emergency Transport,emergency,1500,,,service,,['all_sizes'],SVC-EMERG-TRANSPORT,active,2026-02-27T16:08:48.507793+00:00,[],2026-02-27T16:08:48.507795+00:00
,['all_breeds'],service,2026-02-27T16:08:48.508146+00:00,Compassionate planning support,,prod-SVC-FARE-PLANNING,,,True,,True,End-of-Life Planning,farewell,,,,service,,['all_sizes'],SVC-FARE-PLANNING,active,2026-02-27T16:08:48.508136+00:00,[],2026-02-27T16:08:48.508138+00:00
,['all_breeds'],service,2026-02-27T16:08:48.509047+00:00,Vet-guided peaceful passing,,prod-SVC-FARE-EUTHANASIA,,,True,,True,Euthanasia Coordination,farewell,,,,service,,['all_sizes'],SVC-FARE-EUTHANASIA,active,2026-02-27T16:08:48.509036+00:00,[],2026-02-27T16:08:48.509039+00:00
,['all_breeds'],service,2026-02-27T16:08:48.509396+00:00,Dignified final arrangements,,prod-SVC-FARE-CREMATION,,,True,,True,Cremation & Burial,farewell,3000,,,service,,['all_sizes'],SVC-FARE-CREMATION,active,2026-02-27T16:08:48.509387+00:00,[],2026-02-27T16:08:48.509389+00:00
,['all_breeds'],service,2026-02-27T16:08:48.509775+00:00,Memorial planning and keepsakes,,prod-SVC-FARE-MEMORIAL,,,True,,True,Memorial & Remembrance,farewell,2000,,,service,,['all_sizes'],SVC-FARE-MEMORIAL,active,2026-02-27T16:08:48.509765+00:00,[],2026-02-27T16:08:48.509767+00:00
,['all_breeds'],service,2026-02-27T16:08:48.510099+00:00,Support during difficult times,,prod-SVC-FARE-GRIEF,,,True,,True,Grief Support Resources,farewell,0,,,service,,['all_sizes'],SVC-FARE-GRIEF,active,2026-02-27T16:08:48.510090+00:00,[],2026-02-27T16:08:48.510091+00:00
,['all_breeds'],service,2026-02-27T16:08:48.510438+00:00,Find verified shelters and rescues,,prod-SVC-ADOPT-DISCOVER,,,True,,True,Ethical Adoption Discovery,adopt,0,,,service,,['all_sizes'],SVC-ADOPT-DISCOVER,active,2026-02-27T16:08:48.510429+00:00,[],2026-02-27T16:08:48.510430+00:00
,['all_breeds'],service,2026-02-27T16:08:48.510754+00:00,Find the right breed for your lifestyle,,prod-SVC-ADOPT-SUITABILITY,,,True,,True,Breed Suitability Advisory,adopt,500,,,service,,['all_sizes'],SVC-ADOPT-SUITABILITY,active,2026-02-27T16:08:48.510745+00:00,[],2026-02-27T16:08:48.510747+00:00
,['all_breeds'],service,2026-02-27T16:08:48.511220+00:00,Are you ready for a pet?,,prod-SVC-ADOPT-READINESS,,,True,,True,Adoption Readiness Planning,adopt,300,,,service,,['all_sizes'],SVC-ADOPT-READINESS,active,2026-02-27T16:08:48.511211+00:00,[],2026-02-27T16:08:48.511213+00:00
,['all_breeds'],service,2026-02-27T16:08:48.511558+00:00,Prepare your home for a new pet,,prod-SVC-ADOPT-HOME,,,True,,True,Home Preparation Guidance,adopt,500,,,service,,['all_sizes'],SVC-ADOPT-HOME,active,2026-02-27T16:08:48.511549+00:00,[],2026-02-27T16:08:48.511551+00:00
,['all_breeds'],service,2026-02-27T16:08:48.511889+00:00,Transition support for new adoptions,,prod-SVC-ADOPT-TRANSITION,,,True,,True,First 30 Days Support,adopt,2000,,,service,,['all_sizes'],SVC-ADOPT-TRANSITION,active,2026-02-27T16:08:48.511880+00:00,[],2026-02-27T16:08:48.511882+00:00
,['all_breeds'],service,2026-02-27T16:08:48.512213+00:00,Help finding the right products,,prod-SVC-SHOP-PERSONAL,,,True,,True,Personal Shopping Assistance,shop,0,,,service,,['all_sizes'],SVC-SHOP-PERSONAL,active,2026-02-27T16:08:48.512204+00:00,[],2026-02-27T16:08:48.512206+00:00
,['all_breeds'],service,2026-02-27T16:08:48.512571+00:00,Urgent product sourcing,,prod-SVC-SHOP-EMERGENCY,,,True,,True,Emergency Sourcing,shop,,,,service,,['all_sizes'],SVC-SHOP-EMERGENCY,active,2026-02-27T16:08:48.512562+00:00,[],2026-02-27T16:08:48.512563+00:00
,['all_breeds'],service,2026-02-27T16:08:48.512906+00:00,Find specific vet-recommended products,,prod-SVC-SHOP-VET-REC,,,True,,True,Vet-Recommended Sourcing,shop,200,,,service,,['all_sizes'],SVC-SHOP-VET-REC,active,2026-02-27T16:08:48.512896+00:00,[],2026-02-27T16:08:48.512898+00:00
,['all_breeds'],service,2026-02-27T16:08:48.513229+00:00,All products needed for travel/move,,prod-SVC-SHOP-RELOCATE,,,True,,True,Travel & Relocation Sourcing,shop,500,,,service,,['all_sizes'],SVC-SHOP-RELOCATE,active,2026-02-27T16:08:48.513219+00:00,[],2026-02-27T16:08:48.513221+00:00
899,['all_breeds'],cakes,2026-03-03T08:21:01.749819+00:00,Delicious wheat-free birthday cake,[],,,https://images.unsplash.com/photo-1587300003388-59208cc962cb?w=800,,True,,Classic Birthday Cake,celebrate,,celebrate,69a699ed318389feb4f5a97d,physical,[],['all_sizes'],,,,['Celebrate'],
4999,['all_breeds'],service,2026-03-03T08:21:01.749819+00:00,Complete party coordination service,[],,,https://images.unsplash.com/photo-1587300003388-59208cc962cb?w=800,,True,,Birthday Party Planning,celebrate,,celebrate,69a699ed318389feb4f5a97f,service,[],['all_sizes'],,,,['Celebrate'],
3499,['all_breeds'],service,2026-03-03T08:21:01.749819+00:00,Professional pet photography,[],,,https://images.unsplash.com/photo-1587300003388-59208cc962cb?w=800,,True,,Pet Photoshoot Package,shop,,celebrate,69a699ed318389feb4f5a981,service,[],['all_sizes'],,,,['Celebrate'],
5000,['all_breeds'],hotel,2026-03-03T08:21:01.749819+00:00,Luxury hotel with pet amenities,[],,,https://images.unsplash.com/photo-1587300003388-59208cc962cb?w=800,,True,,Pet-Friendly Hotel Stay,travel,,stay,69a699ed318389feb4f5a983,physical,[],['all_sizes'],,,,['Stay'],
1500,['all_breeds'],boarding,2026-03-03T08:21:01.749819+00:00,24/7 care boarding facility,[],,,https://images.unsplash.com/photo-1587300003388-59208cc962cb?w=800,,True,,Premium Pet Boarding,stay,,stay,69a699ed318389feb4f5a985,physical,[],['all_sizes'],,,,['Stay'],
600,['all_breeds'],daycare,2026-03-03T08:21:01.749819+00:00,Supervised daycare with activities,[],,,https://images.unsplash.com/photo-1587300003388-59208cc962cb?w=800,,True,,Pet Daycare - Full Day,care,,stay,69a699ed318389feb4f5a987,physical,[],['all_sizes'],,,,['Stay'],
8000,['all_breeds'],resort,2026-03-03T08:21:01.749819+00:00,Luxury resort for pets,[],,,https://images.unsplash.com/photo-1587300003388-59208cc962cb?w=800,,True,,Pet Resort Getaway,shop,,stay,69a699ed318389feb4f5a989,physical,[],['all_sizes'],,,,['Stay'],
2499,['all_breeds'],essentials,2026-03-03T08:21:01.749819+00:00,"Travel bed, bowl, and comfort items",[],,,https://images.unsplash.com/photo-1587300003388-59208cc962cb?w=800,,True,,Stay Essentials Kit,stay,,stay,69a699ed318389feb4f5a98b,physical,[],['all_sizes'],,,,['Stay'],
1500,['all_breeds'],cab,2026-03-03T08:21:01.749819+00:00,AC cab rides for pets,[],,,https://images.unsplash.com/photo-1587300003388-59208cc962cb?w=800,,True,,Pet-Friendly Cab Service,travel,,travel,69a699ed318389feb4f5a98d,physical,[],['all_sizes'],,,,['Travel'],
15000,['all_breeds'],flight,2026-03-03T08:21:01.749819+00:00,Complete flight travel support,[],,,https://images.unsplash.com/photo-1587300003388-59208cc962cb?w=800,,True,,Domestic Flight Coordination,shop,,travel,69a699ed318389feb4f5a98f,physical,[],['all_sizes'],,,,['Travel'],
50000,['all_breeds'],relocation,2026-03-03T08:21:01.749819+00:00,Door-to-door pet relocation,[],,,https://images.unsplash.com/photo-1587300003388-59208cc962cb?w=800,,True,,Pet Relocation Service,shop,,travel,69a699ed318389feb4f5a991,physical,[],['all_sizes'],,,,['Travel'],
2499,['all_breeds'],fresh-meals,2026-03-03T08:21:01.749819+00:00,Fresh cooked meals delivered weekly,[],,,https://images.unsplash.com/photo-1587300003388-59208cc962cb?w=800,,True,,Fresh Meal Plan - Weekly,dine,,feed,69a699ed318389feb4f5a993,physical,[],['all_sizes'],,,,['Feed'],
999,['all_breeds'],consultation,2026-03-03T08:21:01.749819+00:00,Expert diet planning,[],,,https://images.unsplash.com/photo-1587300003388-59208cc962cb?w=800,,True,,Nutrition Consultation,shop,,feed,69a699ed318389feb4f5a995,service,[],['all_sizes'],,,,['Feed'],
799,['all_breeds'],supplements,2026-03-03T08:21:01.749819+00:00,Essential vitamins for dogs,[],,,https://images.unsplash.com/photo-1587300003388-59208cc962cb?w=800,,True,,Vitamin Supplement Pack,care,,feed,69a699ed318389feb4f5a997,physical,[],['all_sizes'],,,,['Feed'],
1500,['all_breeds'],grooming,2026-03-03T08:21:01.749819+00:00,"Bath, haircut, nail trim",[],,,https://images.unsplash.com/photo-1587300003388-59208cc962cb?w=800,,True,,Full Grooming Package,care,,care,69a699ed318389feb4f5a999,physical,[],['all_sizes'],,,,['Care'],
500,['all_breeds'],walking,2026-03-03T08:21:01.749819+00:00,30-minute daily walks,[],,,https://images.unsplash.com/photo-1587300003388-59208cc962cb?w=800,,True,,Daily Dog Walking,shop,,care,69a699ed318389feb4f5a99b,physical,[],['all_sizes'],,,,['Care'],
1200,['all_breeds'],sitting,2026-03-03T08:21:01.749819+00:00,In-home pet sitting,[],,,https://images.unsplash.com/photo-1587300003388-59208cc962cb?w=800,,True,,Pet Sitting (8 hours),shop,,care,69a699ed318389feb4f5a99d,physical,[],['all_sizes'],,,,['Care'],
1500,['all_breeds'],assessment,2026-03-03T08:21:01.749819+00:00,Comprehensive fitness evaluation,[],,,https://images.unsplash.com/photo-1587300003388-59208cc962cb?w=800,,True,,Fitness Assessment,fit,,fit,69a699ed318389feb4f5a99f,service,[],['all_sizes'],,,,['Fit'],
5000,['all_breeds'],program,2026-03-03T08:21:01.749819+00:00,8-week weight management,[],,,https://images.unsplash.com/photo-1587300003388-59208cc962cb?w=800,,True,,Weight Management Program,shop,,fit,69a699ed318389feb4f5a9a1,service,[],['all_sizes'],,,,['Fit'],
800,['all_breeds'],therapy,2026-03-03T08:21:01.749819+00:00,Low-impact swimming therapy,[],,,https://images.unsplash.com/photo-1587300003388-59208cc962cb?w=800,,True,,Hydrotherapy Session,shop,,fit,69a699ed318389feb4f5a9a3,physical,[],['all_sizes'],,,,['Fit'],
8000,['all_breeds'],training,2026-03-03T08:21:01.749819+00:00,8-week foundation training,[],,,https://images.unsplash.com/photo-1587300003388-59208cc962cb?w=800,,True,,Puppy Training Course,fit,,learn,69a699ed318389feb4f5a9a5,service,[],['all_sizes'],,,,['Learn'],
6000,['all_breeds'],behavior,2026-03-03T08:21:01.749819+00:00,Address behavioral issues,[],,,https://images.unsplash.com/photo-1587300003388-59208cc962cb?w=800,,True,,Behavior Modification,shop,,learn,69a699ed318389feb4f5a9a7,service,[],['all_sizes'],,,,['Learn'],
2000,['all_breeds'],workshop,2026-03-03T08:21:01.749819+00:00,Learn cool tricks,[],,,https://images.unsplash.com/photo-1587300003388-59208cc962cb?w=800,,True,,Fun Tricks Workshop,shop,,learn,69a699ed318389feb4f5a9a9,physical,[],['all_sizes'],,,,['Learn'],
500,['all_breeds'],park,2026-03-03T08:21:01.749819+00:00,Full day park access,[],,,https://images.unsplash.com/photo-1587300003388-59208cc962cb?w=800,,True,,Dog Park Day Pass,shop,,enjoy,69a699ed318389feb4f5a9ab,physical,[],['all_sizes'],,,,['Enjoy'],
800,['all_breeds'],cafe,2026-03-03T08:21:01.749819+00:00,Pet-friendly cafe experience,[],,,https://images.unsplash.com/photo-1587300003388-59208cc962cb?w=800,,True,,Pet Cafe Voucher,shop,,enjoy,69a699ed318389feb4f5a9ad,physical,[],['all_sizes'],,,,['Enjoy'],
2500,['all_breeds'],adventure,2026-03-03T08:21:01.749819+00:00,Guided outdoor adventure,[],,,https://images.unsplash.com/photo-1587300003388-59208cc962cb?w=800,,True,,Pet Adventure Day,shop,,enjoy,69a699ed318389feb4f5a9af,physical,[],['all_sizes'],,,,['Enjoy'],
2500,['all_breeds'],spa,2026-03-03T08:21:01.749819+00:00,Full spa treatment,[],,,https://images.unsplash.com/photo-1587300003388-59208cc962cb?w=800,,True,,Premium Spa Package,shop,,groom,69a699ed318389feb4f5a9b1,physical,[],['all_sizes'],,,,['Groom'],
600,['all_breeds'],basic,2026-03-03T08:21:01.749819+00:00,Bath and brush,[],,,https://images.unsplash.com/photo-1587300003388-59208cc962cb?w=800,,True,,Basic Grooming,care,,groom,69a699ed318389feb4f5a9b3,physical,[],['all_sizes'],,,,['Groom'],
300,['all_breeds'],nail,2026-03-03T08:21:01.749819+00:00,Professional nail care,[],,,https://images.unsplash.com/photo-1587300003388-59208cc962cb?w=800,,True,,Nail Trim & Filing,shop,,groom,69a699ed318389feb4f5a9b5,physical,[],['all_sizes'],,,,['Groom'],
500,['all_breeds'],consultation,2026-03-03T08:21:01.749819+00:00,Find your perfect match,[],,,https://images.unsplash.com/photo-1587300003388-59208cc962cb?w=800,,True,,Adoption Consultation,adopt,,adopt,69a699ed318389feb4f5a9b7,service,[],['all_sizes'],,,,['Adopt'],
3999,['all_breeds'],kit,2026-03-03T08:21:01.749819+00:00,Everything for your new pet,[],,,https://images.unsplash.com/photo-1587300003388-59208cc962cb?w=800,,True,,New Pet Starter Kit,shop,,adopt,69a699ed318389feb4f5a9b9,physical,[],['all_sizes'],,,,['Adopt'],
1999,['all_breeds'],support,2026-03-03T08:21:01.749819+00:00,30-day support package,[],,,https://images.unsplash.com/photo-1587300003388-59208cc962cb?w=800,,True,,Post-Adoption Support,adopt,,adopt,69a699ed318389feb4f5a9bb,service,[],['all_sizes'],,,,['Adopt'],
5000,['all_breeds'],memorial,2026-03-03T08:21:01.749819+00:00,Dignified memorial ceremony,[],,,https://images.unsplash.com/photo-1587300003388-59208cc962cb?w=800,,True,,Memorial Service,shop,,farewell,69a699ed318389feb4f5a9bd,service,[],['all_sizes'],,,,['Farewell'],
8000,['all_breeds'],cremation,2026-03-03T08:21:01.749819+00:00,Private cremation service,[],,,https://images.unsplash.com/photo-1587300003388-59208cc962cb?w=800,,True,,Private Cremation,shop,,farewell,69a699ed318389feb4f5a9bf,service,[],['all_sizes'],,,,['Farewell'],
2500,['all_breeds'],keepsake,2026-03-03T08:21:01.749819+00:00,Custom memory preservation,[],,,https://images.unsplash.com/photo-1587300003388-59208cc962cb?w=800,,True,,Memory Keepsake Box,shop,,farewell,69a699ed318389feb4f5a9c1,physical,[],['all_sizes'],,,,['Farewell'],
500,['all_breeds'],voucher,2026-03-03T08:21:01.749819+00:00,Pet-friendly restaurant credit,[],,,https://images.unsplash.com/photo-1587300003388-59208cc962cb?w=800,,True,,Restaurant Voucher - ₹500,shop,,dine,69a699ed318389feb4f5a9c3,physical,[],['all_sizes'],,,,['Dine'],
299,['all_breeds'],service,2026-03-03T08:21:01.749819+00:00,Guaranteed pet-friendly seating,[],,,https://images.unsplash.com/photo-1587300003388-59208cc962cb?w=800,,True,,Premium Reservation Service,shop,,dine,69a699ed318389feb4f5a9c5,service,[],['all_sizes'],,,,['Dine'],
1999,['all_breeds'],kit,2026-03-03T08:21:01.749819+00:00,Pet-friendly picnic set,[],,,https://images.unsplash.com/photo-1587300003388-59208cc962cb?w=800,,True,,Gourmet Picnic Kit,shop,,dine,69a699ed318389feb4f5a9c7,physical,[],['all_sizes'],,,,['Dine'],
3999,['all_breeds'],insurance,2026-03-03T08:21:01.749819+00:00,Essential health insurance,[],,,https://images.unsplash.com/photo-1587300003388-59208cc962cb?w=800,,True,,Basic Health Coverage,care,,insure,69a699ed318389feb4f5a9c9,service,[],['all_sizes'],,,,['Insure'],
7999,['all_breeds'],insurance,2026-03-03T08:21:01.749819+00:00,Comprehensive insurance,[],,,https://images.unsplash.com/photo-1587300003388-59208cc962cb?w=800,,True,,Premium Coverage Plan,shop,,insure,69a699ed318389feb4f5a9cb,service,[],['all_sizes'],,,,['Insure'],
1999,['all_breeds'],insurance,2026-03-03T08:21:01.749819+00:00,Accident coverage,[],,,https://images.unsplash.com/photo-1587300003388-59208cc962cb?w=800,,True,,Accident Only Plan,shop,,insure,69a699ed318389feb4f5a9cd,service,[],['all_sizes'],,,,['Insure'],
999,['all_breeds'],toys,2026-03-03T08:21:01.749819+00:00,Set of engaging toys,[],,,https://images.unsplash.com/photo-1587300003388-59208cc962cb?w=800,,True,,Interactive Toy Bundle,shop,,shop,69a699ed318389feb4f5a9cf,physical,[],['all_sizes'],,,,['Shop'],
3499,['all_breeds'],beds,2026-03-03T08:21:01.749819+00:00,Premium memory foam bed,[],,,https://images.unsplash.com/photo-1587300003388-59208cc962cb?w=800,,True,,Orthopedic Pet Bed,shop,,shop,69a699ed318389feb4f5a9d1,physical,[],['all_sizes'],,,,['Shop'],
1499,['all_breeds'],accessories,2026-03-03T08:21:01.749819+00:00,Portion-controlled feeding,[],,,https://images.unsplash.com/photo-1587300003388-59208cc962cb?w=800,,True,,Smart Feeding Bowl,shop,,shop,69a699ed318389feb4f5a9d3,physical,[],['all_sizes'],,,,['Shop'],
